prices,titles
"<span class=""a-price-whole"">295</span>","<span class=""a-size-medium a-color-base a-text-normal"">Cheston 24 In 1 Precision Screwdriver Set | Magnetic Sturdy &amp; Compact Kit for Fixing Electronics, Laptops, Mobile Phones PC &amp; Eye-Glasses Household Repair | Multipurpose Hand Tool Kit</span>"
"<span class=""a-price-whole"">295</span>","<span class=""a-size-medium a-color-base a-text-normal"">Cheston 24 In 1 Precision Screwdriver Set | Magnetic Sturdy &amp; Compact Kit for Fixing Electronics, Laptops, Mobile Phones PC &amp; Eye-Glasses Household Repair | Multipurpose Hand Tool Kit</span>"
"<span class=""a-price-whole"">295</span>","<span class=""a-size-medium a-color-base a-text-normal"">Cheston 24 In 1 Precision Screwdriver Set | Magnetic Sturdy &amp; Compact Kit for Fixing Electronics, Laptops, Mobile Phones PC &amp; Eye-Glasses Household Repair | Multipurpose Hand Tool Kit</span>"
"<span class=""a-price-whole"">295</span>","<span class=""a-size-medium a-color-base a-text-normal"">Cheston 24 In 1 Precision Screwdriver Set | Magnetic Sturdy &amp; Compact Kit for Fixing Electronics, Laptops, Mobile Phones PC &amp; Eye-Glasses Household Repair | Multipurpose Hand Tool Kit</span>"
"<span class=""a-price-whole"">295</span>","<span class=""a-size-medium a-color-base a-text-normal"">Cheston 24 In 1 Precision Screwdriver Set | Magnetic Sturdy &amp; Compact Kit for Fixing Electronics, Laptops, Mobile Phones PC &amp; Eye-Glasses Household Repair | Multipurpose Hand Tool Kit</span>"
"<span class=""a-price-whole"">295</span>","<span class=""a-size-medium a-color-base a-text-normal"">Cheston 24 In 1 Precision Screwdriver Set | Magnetic Sturdy &amp; Compact Kit for Fixing Electronics, Laptops, Mobile Phones PC &amp; Eye-Glasses Household Repair | Multipurpose Hand Tool Kit</span>"
"<span class=""a-price-whole"">295</span>","<span class=""a-size-medium a-color-base a-text-normal"">Cheston 24 In 1 Precision Screwdriver Set | Magnetic Sturdy &amp; Compact Kit for Fixing Electronics, Laptops, Mobile Phones PC &amp; Eye-Glasses Household Repair | Multipurpose Hand Tool Kit</span>"
"<span class=""a-price-whole"">295</span>","<span class=""a-size-medium a-color-base a-text-normal"">Cheston 24 In 1 Precision Screwdriver Set | Magnetic Sturdy &amp; Compact Kit for Fixing Electronics, Laptops, Mobile Phones PC &amp; Eye-Glasses Household Repair | Multipurpose Hand Tool Kit</span>"
"<span class=""a-price-whole"">295</span>","<span class=""a-size-medium a-color-base a-text-normal"">Cheston 24 In 1 Precision Screwdriver Set | Magnetic Sturdy &amp; Compact Kit for Fixing Electronics, Laptops, Mobile Phones PC &amp; Eye-Glasses Household Repair | Multipurpose Hand Tool Kit</span>"
"<span class=""a-price-whole"">295</span>","<span class=""a-size-medium a-color-base a-text-normal"">Cheston 24 In 1 Precision Screwdriver Set | Magnetic Sturdy &amp; Compact Kit for Fixing Electronics, Laptops, Mobile Phones PC &amp; Eye-Glasses Household Repair | Multipurpose Hand Tool Kit</span>"
"<span class=""a-price-whole"">295</span>","<span class=""a-size-medium a-color-base a-text-normal"">Cheston 24 In 1 Precision Screwdriver Set | Magnetic Sturdy &amp; Compact Kit for Fixing Electronics, Laptops, Mobile Phones PC &amp; Eye-Glasses Household Repair | Multipurpose Hand Tool Kit</span>"
"<span class=""a-price-whole"">295</span>","<span class=""a-size-medium a-color-base a-text-normal"">Cheston 24 In 1 Precision Screwdriver Set | Magnetic Sturdy &amp; Compact Kit for Fixing Electronics, Laptops, Mobile Phones PC &amp; Eye-Glasses Household Repair | Multipurpose Hand Tool Kit</span>"
"<span class=""a-price-whole"">295</span>","<span class=""a-size-medium a-color-base a-text-normal"">Cheston 24 In 1 Precision Screwdriver Set | Magnetic Sturdy &amp; Compact Kit for Fixing Electronics, Laptops, Mobile Phones PC &amp; Eye-Glasses Household Repair | Multipurpose Hand Tool Kit</span>"
"<span class=""a-price-whole"">295</span>","<span class=""a-size-medium a-color-base a-text-normal"">Cheston 24 In 1 Precision Screwdriver Set | Magnetic Sturdy &amp; Compact Kit for Fixing Electronics, Laptops, Mobile Phones PC &amp; Eye-Glasses Household Repair | Multipurpose Hand Tool Kit</span>"
"<span class=""a-price-whole"">295</span>","<span class=""a-size-medium a-color-base a-text-normal"">Cheston 24 In 1 Precision Screwdriver Set | Magnetic Sturdy &amp; Compact Kit for Fixing Electronics, Laptops, Mobile Phones PC &amp; Eye-Glasses Household Repair | Multipurpose Hand Tool Kit</span>"
"<span class=""a-price-whole"">295</span>","<span class=""a-size-medium a-color-base a-text-normal"">Cheston 24 In 1 Precision Screwdriver Set | Magnetic Sturdy &amp; Compact Kit for Fixing Electronics, Laptops, Mobile Phones PC &amp; Eye-Glasses Household Repair | Multipurpose Hand Tool Kit</span>"
"<span class=""a-price-whole"">295</span>","<span class=""a-size-medium a-color-base a-text-normal"">Cheston 24 In 1 Precision Screwdriver Set | Magnetic Sturdy &amp; Compact Kit for Fixing Electronics, Laptops, Mobile Phones PC &amp; Eye-Glasses Household Repair | Multipurpose Hand Tool Kit</span>"
"<span class=""a-price-whole"">295</span>","<span class=""a-size-medium a-color-base a-text-normal"">Cheston 24 In 1 Precision Screwdriver Set | Magnetic Sturdy &amp; Compact Kit for Fixing Electronics, Laptops, Mobile Phones PC &amp; Eye-Glasses Household Repair | Multipurpose Hand Tool Kit</span>"
"<span class=""a-price-whole"">295</span>","<span class=""a-size-medium a-color-base a-text-normal"">Cheston 24 In 1 Precision Screwdriver Set | Magnetic Sturdy &amp; Compact Kit for Fixing Electronics, Laptops, Mobile Phones PC &amp; Eye-Glasses Household Repair | Multipurpose Hand Tool Kit</span>"
"<span class=""a-price-whole"">295</span>","<span class=""a-size-medium a-color-base a-text-normal"">Cheston 24 In 1 Precision Screwdriver Set | Magnetic Sturdy &amp; Compact Kit for Fixing Electronics, Laptops, Mobile Phones PC &amp; Eye-Glasses Household Repair | Multipurpose Hand Tool Kit</span>"
"<span class=""a-price-whole"">295</span>","<span class=""a-size-medium a-color-base a-text-normal"">Cheston 24 In 1 Precision Screwdriver Set | Magnetic Sturdy &amp; Compact Kit for Fixing Electronics, Laptops, Mobile Phones PC &amp; Eye-Glasses Household Repair | Multipurpose Hand Tool Kit</span>"
"<span class=""a-price-whole"">295</span>","<span class=""a-size-medium a-color-base a-text-normal"">Cheston 24 In 1 Precision Screwdriver Set | Magnetic Sturdy &amp; Compact Kit for Fixing Electronics, Laptops, Mobile Phones PC &amp; Eye-Glasses Household Repair | Multipurpose Hand Tool Kit</span>"
"<span class=""a-price-whole"">295</span>","<span class=""a-size-medium a-color-base a-text-normal"">Cheston 24 In 1 Precision Screwdriver Set | Magnetic Sturdy &amp; Compact Kit for Fixing Electronics, Laptops, Mobile Phones PC &amp; Eye-Glasses Household Repair | Multipurpose Hand Tool Kit</span>"
"<span class=""a-price-whole"">295</span>","<span class=""a-size-medium a-color-base a-text-normal"">Cheston 24 In 1 Precision Screwdriver Set | Magnetic Sturdy &amp; Compact Kit for Fixing Electronics, Laptops, Mobile Phones PC &amp; Eye-Glasses Household Repair | Multipurpose Hand Tool Kit</span>"
"<span class=""a-price-whole"">295</span>","<span class=""a-size-medium a-color-base a-text-normal"">Cheston 24 In 1 Precision Screwdriver Set | Magnetic Sturdy &amp; Compact Kit for Fixing Electronics, Laptops, Mobile Phones PC &amp; Eye-Glasses Household Repair | Multipurpose Hand Tool Kit</span>"
"<span class=""a-price-whole"">295</span>","<span class=""a-size-medium a-color-base a-text-normal"">Cheston 24 In 1 Precision Screwdriver Set | Magnetic Sturdy &amp; Compact Kit for Fixing Electronics, Laptops, Mobile Phones PC &amp; Eye-Glasses Household Repair | Multipurpose Hand Tool Kit</span>"
"<span class=""a-price-whole"">295</span>","<span class=""a-size-medium a-color-base a-text-normal"">Cheston 24 In 1 Precision Screwdriver Set | Magnetic Sturdy &amp; Compact Kit for Fixing Electronics, Laptops, Mobile Phones PC &amp; Eye-Glasses Household Repair | Multipurpose Hand Tool Kit</span>"
"<span class=""a-price-whole"">295</span>","<span class=""a-size-medium a-color-base a-text-normal"">Cheston 24 In 1 Precision Screwdriver Set | Magnetic Sturdy &amp; Compact Kit for Fixing Electronics, Laptops, Mobile Phones PC &amp; Eye-Glasses Household Repair | Multipurpose Hand Tool Kit</span>"
"<span class=""a-price-whole"">295</span>","<span class=""a-size-medium a-color-base a-text-normal"">Cheston 24 In 1 Precision Screwdriver Set | Magnetic Sturdy &amp; Compact Kit for Fixing Electronics, Laptops, Mobile Phones PC &amp; Eye-Glasses Household Repair | Multipurpose Hand Tool Kit</span>"
"<span class=""a-price-whole"">295</span>","<span class=""a-size-medium a-color-base a-text-normal"">Cheston 24 In 1 Precision Screwdriver Set | Magnetic Sturdy &amp; Compact Kit for Fixing Electronics, Laptops, Mobile Phones PC &amp; Eye-Glasses Household Repair | Multipurpose Hand Tool Kit</span>"
"<span class=""a-price-whole"">295</span>","<span class=""a-size-medium a-color-base a-text-normal"">Cheston 24 In 1 Precision Screwdriver Set | Magnetic Sturdy &amp; Compact Kit for Fixing Electronics, Laptops, Mobile Phones PC &amp; Eye-Glasses Household Repair | Multipurpose Hand Tool Kit</span>"
"<span class=""a-price-whole"">295</span>","<span class=""a-size-medium a-color-base a-text-normal"">Cheston 24 In 1 Precision Screwdriver Set | Magnetic Sturdy &amp; Compact Kit for Fixing Electronics, Laptops, Mobile Phones PC &amp; Eye-Glasses Household Repair | Multipurpose Hand Tool Kit</span>"
"<span class=""a-price-whole"">295</span>","<span class=""a-size-medium a-color-base a-text-normal"">Cheston 24 In 1 Precision Screwdriver Set | Magnetic Sturdy &amp; Compact Kit for Fixing Electronics, Laptops, Mobile Phones PC &amp; Eye-Glasses Household Repair | Multipurpose Hand Tool Kit</span>"
"<span class=""a-price-whole"">295</span>","<span class=""a-size-medium a-color-base a-text-normal"">Cheston 24 In 1 Precision Screwdriver Set | Magnetic Sturdy &amp; Compact Kit for Fixing Electronics, Laptops, Mobile Phones PC &amp; Eye-Glasses Household Repair | Multipurpose Hand Tool Kit</span>"
"<span class=""a-price-whole"">295</span>","<span class=""a-size-medium a-color-base a-text-normal"">Cheston 24 In 1 Precision Screwdriver Set | Magnetic Sturdy &amp; Compact Kit for Fixing Electronics, Laptops, Mobile Phones PC &amp; Eye-Glasses Household Repair | Multipurpose Hand Tool Kit</span>"
"<span class=""a-price-whole"">295</span>","<span class=""a-size-medium a-color-base a-text-normal"">Cheston 24 In 1 Precision Screwdriver Set | Magnetic Sturdy &amp; Compact Kit for Fixing Electronics, Laptops, Mobile Phones PC &amp; Eye-Glasses Household Repair | Multipurpose Hand Tool Kit</span>"
"<span class=""a-price-whole"">295</span>","<span class=""a-size-medium a-color-base a-text-normal"">Cheston 24 In 1 Precision Screwdriver Set | Magnetic Sturdy &amp; Compact Kit for Fixing Electronics, Laptops, Mobile Phones PC &amp; Eye-Glasses Household Repair | Multipurpose Hand Tool Kit</span>"
"<span class=""a-price-whole"">295</span>","<span class=""a-size-medium a-color-base a-text-normal"">Cheston 24 In 1 Precision Screwdriver Set | Magnetic Sturdy &amp; Compact Kit for Fixing Electronics, Laptops, Mobile Phones PC &amp; Eye-Glasses Household Repair | Multipurpose Hand Tool Kit</span>"
