prices,savings,titles
"<span class=""a-price-whole"">295</span>,<span class=""a-price-whole"">841</span>,<span class=""a-price-whole"">899</span>,<span class=""a-price-whole"">251</span>,<span class=""a-price-whole"">799</span>,<span class=""a-price-whole"">489</span>,<span class=""a-price-whole"">685</span>,<span class=""a-price-whole"">1,115</span>,<span class=""a-price-whole"">599</span>,<span class=""a-price-whole"">300</span>,<span class=""a-price-whole"">1,709</span>,<span class=""a-price-whole"">189</span>,<span class=""a-price-whole"">399</span>,<span class=""a-price-whole"">782</span>,<span class=""a-price-whole"">8,299</span>,<span class=""a-price-whole"">1,499</span>","<span>(85% off)</span>,<span>(24% off)</span>,<span>(10% off)</span>,<span>(75% off)</span>,<span>(60% off)</span>,<span>(25% off)</span>,<span>(57% off)</span>,<span>(55% off)</span>,<span>(60% off)</span>,<span>(57% off)</span>,<span>(54% off)</span>,<span>(73% off)</span>,<span>(43% off)</span>,<span>(2% off)</span>,<span>(32% off)</span>,<span>(50% off)</span>","<span class=""a-size-medium a-color-base a-text-normal"">Cheston 24 In 1 Precision Screwdriver Set | Magnetic Sturdy &amp; Compact Kit for Fixing Electronics, Laptops, Mobile Phones PC &amp; Eye-Glasses Household Repair | Multipurpose Hand Tool Kit</span>,<span class=""a-size-medium a-color-base a-text-normal"">BLACK &amp; DECKER BDHT20346 350mm Hand-Powered Steel Mitre Box with Saw for Home, DIY &amp; Professional, 6 Months Warranty, ORANGE &amp; BLACK</span>,<span class=""a-size-medium a-color-base a-text-normal"">Inditrust Dream 17 Inch (425MM) Heavy Duty Hand Riveter Gun, Riveting Tool Fast Hitting Rivet Gun 30 rivets and GLOVES</span>,<span class=""a-size-medium a-color-base a-text-normal"">TEC TAVAKKAL 25 in 1 Precision Screwdriver Set Multi Pocket Repair Tool Kit for Mobiles|Laptops|Electronics</span>,<span class=""a-size-medium a-color-base a-text-normal"">VARNIRAJ Universal 23 In 1 Wrench Ratchets Adjustable Spanner 7-19 MM Key Multitools Hand Tool Suitable For Car Repair Universal Wrench</span>,<span class=""a-size-medium a-color-base a-text-normal"">Bosch 11 Pcs Basic Handtool In Canvas Bag</span>,<span class=""a-size-medium a-color-base a-text-normal"">kaufen Hand Tool Kit 46 Pieces Socket Wrench Set with 1/4 inch Drive Mechanic Tools Set Ratchet Screwdriver Kits Metric &amp; Extension Bar for Auto &amp; Bicycle &amp; Household with Storage Case</span>,<span class=""a-size-medium a-color-base a-text-normal"">AGARO Hand Tool Kit (12 Pieces), Home Use,DIY, Red &amp; Black</span>,<span class=""a-size-medium a-color-base a-text-normal"">Novo Tool Kit Tool Kit for Home Use Tools Kit Spanner Set Socket Set Wrench Set Tools Set Hand Tools Bike Tool Kit Set Socket Wrench Set Spanner Set All Size Tool Kit Goti Pana Set - Box End</span>,<span class=""a-size-medium a-color-base a-text-normal"">Generic 4Pcs Durable Car Hook Craft Hand Tools Oil Seal O-Ring Seal Remover Pick Set</span>,<span class=""a-size-medium a-color-base a-text-normal"">amazon basics 32 Piece Household Tool Set, steel alloy</span>,<span class=""a-size-medium a-color-base a-text-normal"">THEMISTO TH-T08 8 IN 1 COMBINATION SCREWDRIVER SET (pack of 8)</span>,<span class=""a-size-medium a-color-base a-text-normal"">Asian Paints TruCare 12-in-1 Pcs Combination Jaw Spanners Wrench Set | Carbon Steel with Rust &amp; Corrosion Resistant Chrome Plating &amp; Satin Finish | Multipurpose Combination Tool Kit | IS: 2028:2004</span>,<span class=""a-size-medium a-color-base a-text-normal"">Bosch Professional 12-In-1 Multitool Set, Pack Of 1</span>,<span class=""a-size-medium a-color-base a-text-normal"">Stanley STMT81243 110-Piece High Quality Multi-Toolkit containing Pliers, Spanners, Drivers, Sockets, Bits, Wrenches &amp; Ratchets for Home, DIY &amp; Professional Use, 1 Year Warranty, Yellow &amp; Black</span>,<span class=""a-size-medium a-color-base a-text-normal"">Asian Paints Trucare 46-In-1Pc Socket Ratchet Wrench Set with Flowers Hex, Inner Flat Head Hex, DR Socket, Hex Key Wrenches, DR Universal Joint, Extension Bars, Flexible Extension for Household Repair</span>"
"<span class=""a-price-whole"">295</span>,<span class=""a-price-whole"">841</span>,<span class=""a-price-whole"">899</span>,<span class=""a-price-whole"">251</span>,<span class=""a-price-whole"">799</span>,<span class=""a-price-whole"">489</span>,<span class=""a-price-whole"">685</span>,<span class=""a-price-whole"">1,115</span>,<span class=""a-price-whole"">599</span>,<span class=""a-price-whole"">300</span>,<span class=""a-price-whole"">1,709</span>,<span class=""a-price-whole"">189</span>,<span class=""a-price-whole"">399</span>,<span class=""a-price-whole"">782</span>,<span class=""a-price-whole"">8,299</span>,<span class=""a-price-whole"">1,499</span>","<span>(85% off)</span>,<span>(24% off)</span>,<span>(10% off)</span>,<span>(75% off)</span>,<span>(60% off)</span>,<span>(25% off)</span>,<span>(57% off)</span>,<span>(55% off)</span>,<span>(60% off)</span>,<span>(57% off)</span>,<span>(54% off)</span>,<span>(73% off)</span>,<span>(43% off)</span>,<span>(2% off)</span>,<span>(32% off)</span>,<span>(50% off)</span>","<span class=""a-size-medium a-color-base a-text-normal"">Cheston 24 In 1 Precision Screwdriver Set | Magnetic Sturdy &amp; Compact Kit for Fixing Electronics, Laptops, Mobile Phones PC &amp; Eye-Glasses Household Repair | Multipurpose Hand Tool Kit</span>,<span class=""a-size-medium a-color-base a-text-normal"">BLACK &amp; DECKER BDHT20346 350mm Hand-Powered Steel Mitre Box with Saw for Home, DIY &amp; Professional, 6 Months Warranty, ORANGE &amp; BLACK</span>,<span class=""a-size-medium a-color-base a-text-normal"">Inditrust Dream 17 Inch (425MM) Heavy Duty Hand Riveter Gun, Riveting Tool Fast Hitting Rivet Gun 30 rivets and GLOVES</span>,<span class=""a-size-medium a-color-base a-text-normal"">TEC TAVAKKAL 25 in 1 Precision Screwdriver Set Multi Pocket Repair Tool Kit for Mobiles|Laptops|Electronics</span>,<span class=""a-size-medium a-color-base a-text-normal"">VARNIRAJ Universal 23 In 1 Wrench Ratchets Adjustable Spanner 7-19 MM Key Multitools Hand Tool Suitable For Car Repair Universal Wrench</span>,<span class=""a-size-medium a-color-base a-text-normal"">Bosch 11 Pcs Basic Handtool In Canvas Bag</span>,<span class=""a-size-medium a-color-base a-text-normal"">kaufen Hand Tool Kit 46 Pieces Socket Wrench Set with 1/4 inch Drive Mechanic Tools Set Ratchet Screwdriver Kits Metric &amp; Extension Bar for Auto &amp; Bicycle &amp; Household with Storage Case</span>,<span class=""a-size-medium a-color-base a-text-normal"">AGARO Hand Tool Kit (12 Pieces), Home Use,DIY, Red &amp; Black</span>,<span class=""a-size-medium a-color-base a-text-normal"">Novo Tool Kit Tool Kit for Home Use Tools Kit Spanner Set Socket Set Wrench Set Tools Set Hand Tools Bike Tool Kit Set Socket Wrench Set Spanner Set All Size Tool Kit Goti Pana Set - Box End</span>,<span class=""a-size-medium a-color-base a-text-normal"">Generic 4Pcs Durable Car Hook Craft Hand Tools Oil Seal O-Ring Seal Remover Pick Set</span>,<span class=""a-size-medium a-color-base a-text-normal"">amazon basics 32 Piece Household Tool Set, steel alloy</span>,<span class=""a-size-medium a-color-base a-text-normal"">THEMISTO TH-T08 8 IN 1 COMBINATION SCREWDRIVER SET (pack of 8)</span>,<span class=""a-size-medium a-color-base a-text-normal"">Asian Paints TruCare 12-in-1 Pcs Combination Jaw Spanners Wrench Set | Carbon Steel with Rust &amp; Corrosion Resistant Chrome Plating &amp; Satin Finish | Multipurpose Combination Tool Kit | IS: 2028:2004</span>,<span class=""a-size-medium a-color-base a-text-normal"">Bosch Professional 12-In-1 Multitool Set, Pack Of 1</span>,<span class=""a-size-medium a-color-base a-text-normal"">Stanley STMT81243 110-Piece High Quality Multi-Toolkit containing Pliers, Spanners, Drivers, Sockets, Bits, Wrenches &amp; Ratchets for Home, DIY &amp; Professional Use, 1 Year Warranty, Yellow &amp; Black</span>,<span class=""a-size-medium a-color-base a-text-normal"">Asian Paints Trucare 46-In-1Pc Socket Ratchet Wrench Set with Flowers Hex, Inner Flat Head Hex, DR Socket, Hex Key Wrenches, DR Universal Joint, Extension Bars, Flexible Extension for Household Repair</span>"
"<span class=""a-price-whole"">295</span>,<span class=""a-price-whole"">841</span>,<span class=""a-price-whole"">899</span>,<span class=""a-price-whole"">251</span>,<span class=""a-price-whole"">799</span>,<span class=""a-price-whole"">489</span>,<span class=""a-price-whole"">685</span>,<span class=""a-price-whole"">1,115</span>,<span class=""a-price-whole"">599</span>,<span class=""a-price-whole"">300</span>,<span class=""a-price-whole"">1,709</span>,<span class=""a-price-whole"">189</span>,<span class=""a-price-whole"">399</span>,<span class=""a-price-whole"">782</span>,<span class=""a-price-whole"">8,299</span>,<span class=""a-price-whole"">1,499</span>","<span>(85% off)</span>,<span>(24% off)</span>,<span>(10% off)</span>,<span>(75% off)</span>,<span>(60% off)</span>,<span>(25% off)</span>,<span>(57% off)</span>,<span>(55% off)</span>,<span>(60% off)</span>,<span>(57% off)</span>,<span>(54% off)</span>,<span>(73% off)</span>,<span>(43% off)</span>,<span>(2% off)</span>,<span>(32% off)</span>,<span>(50% off)</span>","<span class=""a-size-medium a-color-base a-text-normal"">Cheston 24 In 1 Precision Screwdriver Set | Magnetic Sturdy &amp; Compact Kit for Fixing Electronics, Laptops, Mobile Phones PC &amp; Eye-Glasses Household Repair | Multipurpose Hand Tool Kit</span>,<span class=""a-size-medium a-color-base a-text-normal"">BLACK &amp; DECKER BDHT20346 350mm Hand-Powered Steel Mitre Box with Saw for Home, DIY &amp; Professional, 6 Months Warranty, ORANGE &amp; BLACK</span>,<span class=""a-size-medium a-color-base a-text-normal"">Inditrust Dream 17 Inch (425MM) Heavy Duty Hand Riveter Gun, Riveting Tool Fast Hitting Rivet Gun 30 rivets and GLOVES</span>,<span class=""a-size-medium a-color-base a-text-normal"">TEC TAVAKKAL 25 in 1 Precision Screwdriver Set Multi Pocket Repair Tool Kit for Mobiles|Laptops|Electronics</span>,<span class=""a-size-medium a-color-base a-text-normal"">VARNIRAJ Universal 23 In 1 Wrench Ratchets Adjustable Spanner 7-19 MM Key Multitools Hand Tool Suitable For Car Repair Universal Wrench</span>,<span class=""a-size-medium a-color-base a-text-normal"">Bosch 11 Pcs Basic Handtool In Canvas Bag</span>,<span class=""a-size-medium a-color-base a-text-normal"">kaufen Hand Tool Kit 46 Pieces Socket Wrench Set with 1/4 inch Drive Mechanic Tools Set Ratchet Screwdriver Kits Metric &amp; Extension Bar for Auto &amp; Bicycle &amp; Household with Storage Case</span>,<span class=""a-size-medium a-color-base a-text-normal"">AGARO Hand Tool Kit (12 Pieces), Home Use,DIY, Red &amp; Black</span>,<span class=""a-size-medium a-color-base a-text-normal"">Novo Tool Kit Tool Kit for Home Use Tools Kit Spanner Set Socket Set Wrench Set Tools Set Hand Tools Bike Tool Kit Set Socket Wrench Set Spanner Set All Size Tool Kit Goti Pana Set - Box End</span>,<span class=""a-size-medium a-color-base a-text-normal"">Generic 4Pcs Durable Car Hook Craft Hand Tools Oil Seal O-Ring Seal Remover Pick Set</span>,<span class=""a-size-medium a-color-base a-text-normal"">amazon basics 32 Piece Household Tool Set, steel alloy</span>,<span class=""a-size-medium a-color-base a-text-normal"">THEMISTO TH-T08 8 IN 1 COMBINATION SCREWDRIVER SET (pack of 8)</span>,<span class=""a-size-medium a-color-base a-text-normal"">Asian Paints TruCare 12-in-1 Pcs Combination Jaw Spanners Wrench Set | Carbon Steel with Rust &amp; Corrosion Resistant Chrome Plating &amp; Satin Finish | Multipurpose Combination Tool Kit | IS: 2028:2004</span>,<span class=""a-size-medium a-color-base a-text-normal"">Bosch Professional 12-In-1 Multitool Set, Pack Of 1</span>,<span class=""a-size-medium a-color-base a-text-normal"">Stanley STMT81243 110-Piece High Quality Multi-Toolkit containing Pliers, Spanners, Drivers, Sockets, Bits, Wrenches &amp; Ratchets for Home, DIY &amp; Professional Use, 1 Year Warranty, Yellow &amp; Black</span>,<span class=""a-size-medium a-color-base a-text-normal"">Asian Paints Trucare 46-In-1Pc Socket Ratchet Wrench Set with Flowers Hex, Inner Flat Head Hex, DR Socket, Hex Key Wrenches, DR Universal Joint, Extension Bars, Flexible Extension for Household Repair</span>"
"<span class=""a-price-whole"">295</span>,<span class=""a-price-whole"">841</span>,<span class=""a-price-whole"">899</span>,<span class=""a-price-whole"">251</span>,<span class=""a-price-whole"">799</span>,<span class=""a-price-whole"">489</span>,<span class=""a-price-whole"">685</span>,<span class=""a-price-whole"">1,115</span>,<span class=""a-price-whole"">599</span>,<span class=""a-price-whole"">300</span>,<span class=""a-price-whole"">1,709</span>,<span class=""a-price-whole"">189</span>,<span class=""a-price-whole"">399</span>,<span class=""a-price-whole"">782</span>,<span class=""a-price-whole"">8,299</span>,<span class=""a-price-whole"">1,499</span>","<span>(85% off)</span>,<span>(24% off)</span>,<span>(10% off)</span>,<span>(75% off)</span>,<span>(60% off)</span>,<span>(25% off)</span>,<span>(57% off)</span>,<span>(55% off)</span>,<span>(60% off)</span>,<span>(57% off)</span>,<span>(54% off)</span>,<span>(73% off)</span>,<span>(43% off)</span>,<span>(2% off)</span>,<span>(32% off)</span>,<span>(50% off)</span>","<span class=""a-size-medium a-color-base a-text-normal"">Cheston 24 In 1 Precision Screwdriver Set | Magnetic Sturdy &amp; Compact Kit for Fixing Electronics, Laptops, Mobile Phones PC &amp; Eye-Glasses Household Repair | Multipurpose Hand Tool Kit</span>,<span class=""a-size-medium a-color-base a-text-normal"">BLACK &amp; DECKER BDHT20346 350mm Hand-Powered Steel Mitre Box with Saw for Home, DIY &amp; Professional, 6 Months Warranty, ORANGE &amp; BLACK</span>,<span class=""a-size-medium a-color-base a-text-normal"">Inditrust Dream 17 Inch (425MM) Heavy Duty Hand Riveter Gun, Riveting Tool Fast Hitting Rivet Gun 30 rivets and GLOVES</span>,<span class=""a-size-medium a-color-base a-text-normal"">TEC TAVAKKAL 25 in 1 Precision Screwdriver Set Multi Pocket Repair Tool Kit for Mobiles|Laptops|Electronics</span>,<span class=""a-size-medium a-color-base a-text-normal"">VARNIRAJ Universal 23 In 1 Wrench Ratchets Adjustable Spanner 7-19 MM Key Multitools Hand Tool Suitable For Car Repair Universal Wrench</span>,<span class=""a-size-medium a-color-base a-text-normal"">Bosch 11 Pcs Basic Handtool In Canvas Bag</span>,<span class=""a-size-medium a-color-base a-text-normal"">kaufen Hand Tool Kit 46 Pieces Socket Wrench Set with 1/4 inch Drive Mechanic Tools Set Ratchet Screwdriver Kits Metric &amp; Extension Bar for Auto &amp; Bicycle &amp; Household with Storage Case</span>,<span class=""a-size-medium a-color-base a-text-normal"">AGARO Hand Tool Kit (12 Pieces), Home Use,DIY, Red &amp; Black</span>,<span class=""a-size-medium a-color-base a-text-normal"">Novo Tool Kit Tool Kit for Home Use Tools Kit Spanner Set Socket Set Wrench Set Tools Set Hand Tools Bike Tool Kit Set Socket Wrench Set Spanner Set All Size Tool Kit Goti Pana Set - Box End</span>,<span class=""a-size-medium a-color-base a-text-normal"">Generic 4Pcs Durable Car Hook Craft Hand Tools Oil Seal O-Ring Seal Remover Pick Set</span>,<span class=""a-size-medium a-color-base a-text-normal"">amazon basics 32 Piece Household Tool Set, steel alloy</span>,<span class=""a-size-medium a-color-base a-text-normal"">THEMISTO TH-T08 8 IN 1 COMBINATION SCREWDRIVER SET (pack of 8)</span>,<span class=""a-size-medium a-color-base a-text-normal"">Asian Paints TruCare 12-in-1 Pcs Combination Jaw Spanners Wrench Set | Carbon Steel with Rust &amp; Corrosion Resistant Chrome Plating &amp; Satin Finish | Multipurpose Combination Tool Kit | IS: 2028:2004</span>,<span class=""a-size-medium a-color-base a-text-normal"">Bosch Professional 12-In-1 Multitool Set, Pack Of 1</span>,<span class=""a-size-medium a-color-base a-text-normal"">Stanley STMT81243 110-Piece High Quality Multi-Toolkit containing Pliers, Spanners, Drivers, Sockets, Bits, Wrenches &amp; Ratchets for Home, DIY &amp; Professional Use, 1 Year Warranty, Yellow &amp; Black</span>,<span class=""a-size-medium a-color-base a-text-normal"">Asian Paints Trucare 46-In-1Pc Socket Ratchet Wrench Set with Flowers Hex, Inner Flat Head Hex, DR Socket, Hex Key Wrenches, DR Universal Joint, Extension Bars, Flexible Extension for Household Repair</span>"
"<span class=""a-price-whole"">295</span>,<span class=""a-price-whole"">841</span>,<span class=""a-price-whole"">899</span>,<span class=""a-price-whole"">251</span>,<span class=""a-price-whole"">799</span>,<span class=""a-price-whole"">489</span>,<span class=""a-price-whole"">685</span>,<span class=""a-price-whole"">1,115</span>,<span class=""a-price-whole"">599</span>,<span class=""a-price-whole"">300</span>,<span class=""a-price-whole"">1,709</span>,<span class=""a-price-whole"">189</span>,<span class=""a-price-whole"">399</span>,<span class=""a-price-whole"">782</span>,<span class=""a-price-whole"">8,299</span>,<span class=""a-price-whole"">1,499</span>","<span>(85% off)</span>,<span>(24% off)</span>,<span>(10% off)</span>,<span>(75% off)</span>,<span>(60% off)</span>,<span>(25% off)</span>,<span>(57% off)</span>,<span>(55% off)</span>,<span>(60% off)</span>,<span>(57% off)</span>,<span>(54% off)</span>,<span>(73% off)</span>,<span>(43% off)</span>,<span>(2% off)</span>,<span>(32% off)</span>,<span>(50% off)</span>","<span class=""a-size-medium a-color-base a-text-normal"">Cheston 24 In 1 Precision Screwdriver Set | Magnetic Sturdy &amp; Compact Kit for Fixing Electronics, Laptops, Mobile Phones PC &amp; Eye-Glasses Household Repair | Multipurpose Hand Tool Kit</span>,<span class=""a-size-medium a-color-base a-text-normal"">BLACK &amp; DECKER BDHT20346 350mm Hand-Powered Steel Mitre Box with Saw for Home, DIY &amp; Professional, 6 Months Warranty, ORANGE &amp; BLACK</span>,<span class=""a-size-medium a-color-base a-text-normal"">Inditrust Dream 17 Inch (425MM) Heavy Duty Hand Riveter Gun, Riveting Tool Fast Hitting Rivet Gun 30 rivets and GLOVES</span>,<span class=""a-size-medium a-color-base a-text-normal"">TEC TAVAKKAL 25 in 1 Precision Screwdriver Set Multi Pocket Repair Tool Kit for Mobiles|Laptops|Electronics</span>,<span class=""a-size-medium a-color-base a-text-normal"">VARNIRAJ Universal 23 In 1 Wrench Ratchets Adjustable Spanner 7-19 MM Key Multitools Hand Tool Suitable For Car Repair Universal Wrench</span>,<span class=""a-size-medium a-color-base a-text-normal"">Bosch 11 Pcs Basic Handtool In Canvas Bag</span>,<span class=""a-size-medium a-color-base a-text-normal"">kaufen Hand Tool Kit 46 Pieces Socket Wrench Set with 1/4 inch Drive Mechanic Tools Set Ratchet Screwdriver Kits Metric &amp; Extension Bar for Auto &amp; Bicycle &amp; Household with Storage Case</span>,<span class=""a-size-medium a-color-base a-text-normal"">AGARO Hand Tool Kit (12 Pieces), Home Use,DIY, Red &amp; Black</span>,<span class=""a-size-medium a-color-base a-text-normal"">Novo Tool Kit Tool Kit for Home Use Tools Kit Spanner Set Socket Set Wrench Set Tools Set Hand Tools Bike Tool Kit Set Socket Wrench Set Spanner Set All Size Tool Kit Goti Pana Set - Box End</span>,<span class=""a-size-medium a-color-base a-text-normal"">Generic 4Pcs Durable Car Hook Craft Hand Tools Oil Seal O-Ring Seal Remover Pick Set</span>,<span class=""a-size-medium a-color-base a-text-normal"">amazon basics 32 Piece Household Tool Set, steel alloy</span>,<span class=""a-size-medium a-color-base a-text-normal"">THEMISTO TH-T08 8 IN 1 COMBINATION SCREWDRIVER SET (pack of 8)</span>,<span class=""a-size-medium a-color-base a-text-normal"">Asian Paints TruCare 12-in-1 Pcs Combination Jaw Spanners Wrench Set | Carbon Steel with Rust &amp; Corrosion Resistant Chrome Plating &amp; Satin Finish | Multipurpose Combination Tool Kit | IS: 2028:2004</span>,<span class=""a-size-medium a-color-base a-text-normal"">Bosch Professional 12-In-1 Multitool Set, Pack Of 1</span>,<span class=""a-size-medium a-color-base a-text-normal"">Stanley STMT81243 110-Piece High Quality Multi-Toolkit containing Pliers, Spanners, Drivers, Sockets, Bits, Wrenches &amp; Ratchets for Home, DIY &amp; Professional Use, 1 Year Warranty, Yellow &amp; Black</span>,<span class=""a-size-medium a-color-base a-text-normal"">Asian Paints Trucare 46-In-1Pc Socket Ratchet Wrench Set with Flowers Hex, Inner Flat Head Hex, DR Socket, Hex Key Wrenches, DR Universal Joint, Extension Bars, Flexible Extension for Household Repair</span>"
"<span class=""a-price-whole"">295</span>,<span class=""a-price-whole"">841</span>,<span class=""a-price-whole"">899</span>,<span class=""a-price-whole"">251</span>,<span class=""a-price-whole"">799</span>,<span class=""a-price-whole"">489</span>,<span class=""a-price-whole"">685</span>,<span class=""a-price-whole"">1,115</span>,<span class=""a-price-whole"">599</span>,<span class=""a-price-whole"">300</span>,<span class=""a-price-whole"">1,709</span>,<span class=""a-price-whole"">189</span>,<span class=""a-price-whole"">399</span>,<span class=""a-price-whole"">782</span>,<span class=""a-price-whole"">8,299</span>,<span class=""a-price-whole"">1,499</span>","<span>(85% off)</span>,<span>(24% off)</span>,<span>(10% off)</span>,<span>(75% off)</span>,<span>(60% off)</span>,<span>(25% off)</span>,<span>(57% off)</span>,<span>(55% off)</span>,<span>(60% off)</span>,<span>(57% off)</span>,<span>(54% off)</span>,<span>(73% off)</span>,<span>(43% off)</span>,<span>(2% off)</span>,<span>(32% off)</span>,<span>(50% off)</span>","<span class=""a-size-medium a-color-base a-text-normal"">Cheston 24 In 1 Precision Screwdriver Set | Magnetic Sturdy &amp; Compact Kit for Fixing Electronics, Laptops, Mobile Phones PC &amp; Eye-Glasses Household Repair | Multipurpose Hand Tool Kit</span>,<span class=""a-size-medium a-color-base a-text-normal"">BLACK &amp; DECKER BDHT20346 350mm Hand-Powered Steel Mitre Box with Saw for Home, DIY &amp; Professional, 6 Months Warranty, ORANGE &amp; BLACK</span>,<span class=""a-size-medium a-color-base a-text-normal"">Inditrust Dream 17 Inch (425MM) Heavy Duty Hand Riveter Gun, Riveting Tool Fast Hitting Rivet Gun 30 rivets and GLOVES</span>,<span class=""a-size-medium a-color-base a-text-normal"">TEC TAVAKKAL 25 in 1 Precision Screwdriver Set Multi Pocket Repair Tool Kit for Mobiles|Laptops|Electronics</span>,<span class=""a-size-medium a-color-base a-text-normal"">VARNIRAJ Universal 23 In 1 Wrench Ratchets Adjustable Spanner 7-19 MM Key Multitools Hand Tool Suitable For Car Repair Universal Wrench</span>,<span class=""a-size-medium a-color-base a-text-normal"">Bosch 11 Pcs Basic Handtool In Canvas Bag</span>,<span class=""a-size-medium a-color-base a-text-normal"">kaufen Hand Tool Kit 46 Pieces Socket Wrench Set with 1/4 inch Drive Mechanic Tools Set Ratchet Screwdriver Kits Metric &amp; Extension Bar for Auto &amp; Bicycle &amp; Household with Storage Case</span>,<span class=""a-size-medium a-color-base a-text-normal"">AGARO Hand Tool Kit (12 Pieces), Home Use,DIY, Red &amp; Black</span>,<span class=""a-size-medium a-color-base a-text-normal"">Novo Tool Kit Tool Kit for Home Use Tools Kit Spanner Set Socket Set Wrench Set Tools Set Hand Tools Bike Tool Kit Set Socket Wrench Set Spanner Set All Size Tool Kit Goti Pana Set - Box End</span>,<span class=""a-size-medium a-color-base a-text-normal"">Generic 4Pcs Durable Car Hook Craft Hand Tools Oil Seal O-Ring Seal Remover Pick Set</span>,<span class=""a-size-medium a-color-base a-text-normal"">amazon basics 32 Piece Household Tool Set, steel alloy</span>,<span class=""a-size-medium a-color-base a-text-normal"">THEMISTO TH-T08 8 IN 1 COMBINATION SCREWDRIVER SET (pack of 8)</span>,<span class=""a-size-medium a-color-base a-text-normal"">Asian Paints TruCare 12-in-1 Pcs Combination Jaw Spanners Wrench Set | Carbon Steel with Rust &amp; Corrosion Resistant Chrome Plating &amp; Satin Finish | Multipurpose Combination Tool Kit | IS: 2028:2004</span>,<span class=""a-size-medium a-color-base a-text-normal"">Bosch Professional 12-In-1 Multitool Set, Pack Of 1</span>,<span class=""a-size-medium a-color-base a-text-normal"">Stanley STMT81243 110-Piece High Quality Multi-Toolkit containing Pliers, Spanners, Drivers, Sockets, Bits, Wrenches &amp; Ratchets for Home, DIY &amp; Professional Use, 1 Year Warranty, Yellow &amp; Black</span>,<span class=""a-size-medium a-color-base a-text-normal"">Asian Paints Trucare 46-In-1Pc Socket Ratchet Wrench Set with Flowers Hex, Inner Flat Head Hex, DR Socket, Hex Key Wrenches, DR Universal Joint, Extension Bars, Flexible Extension for Household Repair</span>"
"<span class=""a-price-whole"">295</span>,<span class=""a-price-whole"">841</span>,<span class=""a-price-whole"">899</span>,<span class=""a-price-whole"">251</span>,<span class=""a-price-whole"">799</span>,<span class=""a-price-whole"">489</span>,<span class=""a-price-whole"">685</span>,<span class=""a-price-whole"">1,115</span>,<span class=""a-price-whole"">599</span>,<span class=""a-price-whole"">300</span>,<span class=""a-price-whole"">1,709</span>,<span class=""a-price-whole"">189</span>,<span class=""a-price-whole"">399</span>,<span class=""a-price-whole"">782</span>,<span class=""a-price-whole"">8,299</span>,<span class=""a-price-whole"">1,499</span>","<span>(85% off)</span>,<span>(24% off)</span>,<span>(10% off)</span>,<span>(75% off)</span>,<span>(60% off)</span>,<span>(25% off)</span>,<span>(57% off)</span>,<span>(55% off)</span>,<span>(60% off)</span>,<span>(57% off)</span>,<span>(54% off)</span>,<span>(73% off)</span>,<span>(43% off)</span>,<span>(2% off)</span>,<span>(32% off)</span>,<span>(50% off)</span>","<span class=""a-size-medium a-color-base a-text-normal"">Cheston 24 In 1 Precision Screwdriver Set | Magnetic Sturdy &amp; Compact Kit for Fixing Electronics, Laptops, Mobile Phones PC &amp; Eye-Glasses Household Repair | Multipurpose Hand Tool Kit</span>,<span class=""a-size-medium a-color-base a-text-normal"">BLACK &amp; DECKER BDHT20346 350mm Hand-Powered Steel Mitre Box with Saw for Home, DIY &amp; Professional, 6 Months Warranty, ORANGE &amp; BLACK</span>,<span class=""a-size-medium a-color-base a-text-normal"">Inditrust Dream 17 Inch (425MM) Heavy Duty Hand Riveter Gun, Riveting Tool Fast Hitting Rivet Gun 30 rivets and GLOVES</span>,<span class=""a-size-medium a-color-base a-text-normal"">TEC TAVAKKAL 25 in 1 Precision Screwdriver Set Multi Pocket Repair Tool Kit for Mobiles|Laptops|Electronics</span>,<span class=""a-size-medium a-color-base a-text-normal"">VARNIRAJ Universal 23 In 1 Wrench Ratchets Adjustable Spanner 7-19 MM Key Multitools Hand Tool Suitable For Car Repair Universal Wrench</span>,<span class=""a-size-medium a-color-base a-text-normal"">Bosch 11 Pcs Basic Handtool In Canvas Bag</span>,<span class=""a-size-medium a-color-base a-text-normal"">kaufen Hand Tool Kit 46 Pieces Socket Wrench Set with 1/4 inch Drive Mechanic Tools Set Ratchet Screwdriver Kits Metric &amp; Extension Bar for Auto &amp; Bicycle &amp; Household with Storage Case</span>,<span class=""a-size-medium a-color-base a-text-normal"">AGARO Hand Tool Kit (12 Pieces), Home Use,DIY, Red &amp; Black</span>,<span class=""a-size-medium a-color-base a-text-normal"">Novo Tool Kit Tool Kit for Home Use Tools Kit Spanner Set Socket Set Wrench Set Tools Set Hand Tools Bike Tool Kit Set Socket Wrench Set Spanner Set All Size Tool Kit Goti Pana Set - Box End</span>,<span class=""a-size-medium a-color-base a-text-normal"">Generic 4Pcs Durable Car Hook Craft Hand Tools Oil Seal O-Ring Seal Remover Pick Set</span>,<span class=""a-size-medium a-color-base a-text-normal"">amazon basics 32 Piece Household Tool Set, steel alloy</span>,<span class=""a-size-medium a-color-base a-text-normal"">THEMISTO TH-T08 8 IN 1 COMBINATION SCREWDRIVER SET (pack of 8)</span>,<span class=""a-size-medium a-color-base a-text-normal"">Asian Paints TruCare 12-in-1 Pcs Combination Jaw Spanners Wrench Set | Carbon Steel with Rust &amp; Corrosion Resistant Chrome Plating &amp; Satin Finish | Multipurpose Combination Tool Kit | IS: 2028:2004</span>,<span class=""a-size-medium a-color-base a-text-normal"">Bosch Professional 12-In-1 Multitool Set, Pack Of 1</span>,<span class=""a-size-medium a-color-base a-text-normal"">Stanley STMT81243 110-Piece High Quality Multi-Toolkit containing Pliers, Spanners, Drivers, Sockets, Bits, Wrenches &amp; Ratchets for Home, DIY &amp; Professional Use, 1 Year Warranty, Yellow &amp; Black</span>,<span class=""a-size-medium a-color-base a-text-normal"">Asian Paints Trucare 46-In-1Pc Socket Ratchet Wrench Set with Flowers Hex, Inner Flat Head Hex, DR Socket, Hex Key Wrenches, DR Universal Joint, Extension Bars, Flexible Extension for Household Repair</span>"
"<span class=""a-price-whole"">295</span>,<span class=""a-price-whole"">841</span>,<span class=""a-price-whole"">899</span>,<span class=""a-price-whole"">251</span>,<span class=""a-price-whole"">799</span>,<span class=""a-price-whole"">489</span>,<span class=""a-price-whole"">685</span>,<span class=""a-price-whole"">1,115</span>,<span class=""a-price-whole"">599</span>,<span class=""a-price-whole"">300</span>,<span class=""a-price-whole"">1,709</span>,<span class=""a-price-whole"">189</span>,<span class=""a-price-whole"">399</span>,<span class=""a-price-whole"">782</span>,<span class=""a-price-whole"">8,299</span>,<span class=""a-price-whole"">1,499</span>","<span>(85% off)</span>,<span>(24% off)</span>,<span>(10% off)</span>,<span>(75% off)</span>,<span>(60% off)</span>,<span>(25% off)</span>,<span>(57% off)</span>,<span>(55% off)</span>,<span>(60% off)</span>,<span>(57% off)</span>,<span>(54% off)</span>,<span>(73% off)</span>,<span>(43% off)</span>,<span>(2% off)</span>,<span>(32% off)</span>,<span>(50% off)</span>","<span class=""a-size-medium a-color-base a-text-normal"">Cheston 24 In 1 Precision Screwdriver Set | Magnetic Sturdy &amp; Compact Kit for Fixing Electronics, Laptops, Mobile Phones PC &amp; Eye-Glasses Household Repair | Multipurpose Hand Tool Kit</span>,<span class=""a-size-medium a-color-base a-text-normal"">BLACK &amp; DECKER BDHT20346 350mm Hand-Powered Steel Mitre Box with Saw for Home, DIY &amp; Professional, 6 Months Warranty, ORANGE &amp; BLACK</span>,<span class=""a-size-medium a-color-base a-text-normal"">Inditrust Dream 17 Inch (425MM) Heavy Duty Hand Riveter Gun, Riveting Tool Fast Hitting Rivet Gun 30 rivets and GLOVES</span>,<span class=""a-size-medium a-color-base a-text-normal"">TEC TAVAKKAL 25 in 1 Precision Screwdriver Set Multi Pocket Repair Tool Kit for Mobiles|Laptops|Electronics</span>,<span class=""a-size-medium a-color-base a-text-normal"">VARNIRAJ Universal 23 In 1 Wrench Ratchets Adjustable Spanner 7-19 MM Key Multitools Hand Tool Suitable For Car Repair Universal Wrench</span>,<span class=""a-size-medium a-color-base a-text-normal"">Bosch 11 Pcs Basic Handtool In Canvas Bag</span>,<span class=""a-size-medium a-color-base a-text-normal"">kaufen Hand Tool Kit 46 Pieces Socket Wrench Set with 1/4 inch Drive Mechanic Tools Set Ratchet Screwdriver Kits Metric &amp; Extension Bar for Auto &amp; Bicycle &amp; Household with Storage Case</span>,<span class=""a-size-medium a-color-base a-text-normal"">AGARO Hand Tool Kit (12 Pieces), Home Use,DIY, Red &amp; Black</span>,<span class=""a-size-medium a-color-base a-text-normal"">Novo Tool Kit Tool Kit for Home Use Tools Kit Spanner Set Socket Set Wrench Set Tools Set Hand Tools Bike Tool Kit Set Socket Wrench Set Spanner Set All Size Tool Kit Goti Pana Set - Box End</span>,<span class=""a-size-medium a-color-base a-text-normal"">Generic 4Pcs Durable Car Hook Craft Hand Tools Oil Seal O-Ring Seal Remover Pick Set</span>,<span class=""a-size-medium a-color-base a-text-normal"">amazon basics 32 Piece Household Tool Set, steel alloy</span>,<span class=""a-size-medium a-color-base a-text-normal"">THEMISTO TH-T08 8 IN 1 COMBINATION SCREWDRIVER SET (pack of 8)</span>,<span class=""a-size-medium a-color-base a-text-normal"">Asian Paints TruCare 12-in-1 Pcs Combination Jaw Spanners Wrench Set | Carbon Steel with Rust &amp; Corrosion Resistant Chrome Plating &amp; Satin Finish | Multipurpose Combination Tool Kit | IS: 2028:2004</span>,<span class=""a-size-medium a-color-base a-text-normal"">Bosch Professional 12-In-1 Multitool Set, Pack Of 1</span>,<span class=""a-size-medium a-color-base a-text-normal"">Stanley STMT81243 110-Piece High Quality Multi-Toolkit containing Pliers, Spanners, Drivers, Sockets, Bits, Wrenches &amp; Ratchets for Home, DIY &amp; Professional Use, 1 Year Warranty, Yellow &amp; Black</span>,<span class=""a-size-medium a-color-base a-text-normal"">Asian Paints Trucare 46-In-1Pc Socket Ratchet Wrench Set with Flowers Hex, Inner Flat Head Hex, DR Socket, Hex Key Wrenches, DR Universal Joint, Extension Bars, Flexible Extension for Household Repair</span>"
"<span class=""a-price-whole"">295</span>,<span class=""a-price-whole"">841</span>,<span class=""a-price-whole"">899</span>,<span class=""a-price-whole"">251</span>,<span class=""a-price-whole"">799</span>,<span class=""a-price-whole"">489</span>,<span class=""a-price-whole"">685</span>,<span class=""a-price-whole"">1,115</span>,<span class=""a-price-whole"">599</span>,<span class=""a-price-whole"">300</span>,<span class=""a-price-whole"">1,709</span>,<span class=""a-price-whole"">189</span>,<span class=""a-price-whole"">399</span>,<span class=""a-price-whole"">782</span>,<span class=""a-price-whole"">8,299</span>,<span class=""a-price-whole"">1,499</span>","<span>(85% off)</span>,<span>(24% off)</span>,<span>(10% off)</span>,<span>(75% off)</span>,<span>(60% off)</span>,<span>(25% off)</span>,<span>(57% off)</span>,<span>(55% off)</span>,<span>(60% off)</span>,<span>(57% off)</span>,<span>(54% off)</span>,<span>(73% off)</span>,<span>(43% off)</span>,<span>(2% off)</span>,<span>(32% off)</span>,<span>(50% off)</span>","<span class=""a-size-medium a-color-base a-text-normal"">Cheston 24 In 1 Precision Screwdriver Set | Magnetic Sturdy &amp; Compact Kit for Fixing Electronics, Laptops, Mobile Phones PC &amp; Eye-Glasses Household Repair | Multipurpose Hand Tool Kit</span>,<span class=""a-size-medium a-color-base a-text-normal"">BLACK &amp; DECKER BDHT20346 350mm Hand-Powered Steel Mitre Box with Saw for Home, DIY &amp; Professional, 6 Months Warranty, ORANGE &amp; BLACK</span>,<span class=""a-size-medium a-color-base a-text-normal"">Inditrust Dream 17 Inch (425MM) Heavy Duty Hand Riveter Gun, Riveting Tool Fast Hitting Rivet Gun 30 rivets and GLOVES</span>,<span class=""a-size-medium a-color-base a-text-normal"">TEC TAVAKKAL 25 in 1 Precision Screwdriver Set Multi Pocket Repair Tool Kit for Mobiles|Laptops|Electronics</span>,<span class=""a-size-medium a-color-base a-text-normal"">VARNIRAJ Universal 23 In 1 Wrench Ratchets Adjustable Spanner 7-19 MM Key Multitools Hand Tool Suitable For Car Repair Universal Wrench</span>,<span class=""a-size-medium a-color-base a-text-normal"">Bosch 11 Pcs Basic Handtool In Canvas Bag</span>,<span class=""a-size-medium a-color-base a-text-normal"">kaufen Hand Tool Kit 46 Pieces Socket Wrench Set with 1/4 inch Drive Mechanic Tools Set Ratchet Screwdriver Kits Metric &amp; Extension Bar for Auto &amp; Bicycle &amp; Household with Storage Case</span>,<span class=""a-size-medium a-color-base a-text-normal"">AGARO Hand Tool Kit (12 Pieces), Home Use,DIY, Red &amp; Black</span>,<span class=""a-size-medium a-color-base a-text-normal"">Novo Tool Kit Tool Kit for Home Use Tools Kit Spanner Set Socket Set Wrench Set Tools Set Hand Tools Bike Tool Kit Set Socket Wrench Set Spanner Set All Size Tool Kit Goti Pana Set - Box End</span>,<span class=""a-size-medium a-color-base a-text-normal"">Generic 4Pcs Durable Car Hook Craft Hand Tools Oil Seal O-Ring Seal Remover Pick Set</span>,<span class=""a-size-medium a-color-base a-text-normal"">amazon basics 32 Piece Household Tool Set, steel alloy</span>,<span class=""a-size-medium a-color-base a-text-normal"">THEMISTO TH-T08 8 IN 1 COMBINATION SCREWDRIVER SET (pack of 8)</span>,<span class=""a-size-medium a-color-base a-text-normal"">Asian Paints TruCare 12-in-1 Pcs Combination Jaw Spanners Wrench Set | Carbon Steel with Rust &amp; Corrosion Resistant Chrome Plating &amp; Satin Finish | Multipurpose Combination Tool Kit | IS: 2028:2004</span>,<span class=""a-size-medium a-color-base a-text-normal"">Bosch Professional 12-In-1 Multitool Set, Pack Of 1</span>,<span class=""a-size-medium a-color-base a-text-normal"">Stanley STMT81243 110-Piece High Quality Multi-Toolkit containing Pliers, Spanners, Drivers, Sockets, Bits, Wrenches &amp; Ratchets for Home, DIY &amp; Professional Use, 1 Year Warranty, Yellow &amp; Black</span>,<span class=""a-size-medium a-color-base a-text-normal"">Asian Paints Trucare 46-In-1Pc Socket Ratchet Wrench Set with Flowers Hex, Inner Flat Head Hex, DR Socket, Hex Key Wrenches, DR Universal Joint, Extension Bars, Flexible Extension for Household Repair</span>"
"<span class=""a-price-whole"">295</span>,<span class=""a-price-whole"">841</span>,<span class=""a-price-whole"">899</span>,<span class=""a-price-whole"">251</span>,<span class=""a-price-whole"">799</span>,<span class=""a-price-whole"">489</span>,<span class=""a-price-whole"">685</span>,<span class=""a-price-whole"">1,115</span>,<span class=""a-price-whole"">599</span>,<span class=""a-price-whole"">300</span>,<span class=""a-price-whole"">1,709</span>,<span class=""a-price-whole"">189</span>,<span class=""a-price-whole"">399</span>,<span class=""a-price-whole"">782</span>,<span class=""a-price-whole"">8,299</span>,<span class=""a-price-whole"">1,499</span>","<span>(85% off)</span>,<span>(24% off)</span>,<span>(10% off)</span>,<span>(75% off)</span>,<span>(60% off)</span>,<span>(25% off)</span>,<span>(57% off)</span>,<span>(55% off)</span>,<span>(60% off)</span>,<span>(57% off)</span>,<span>(54% off)</span>,<span>(73% off)</span>,<span>(43% off)</span>,<span>(2% off)</span>,<span>(32% off)</span>,<span>(50% off)</span>","<span class=""a-size-medium a-color-base a-text-normal"">Cheston 24 In 1 Precision Screwdriver Set | Magnetic Sturdy &amp; Compact Kit for Fixing Electronics, Laptops, Mobile Phones PC &amp; Eye-Glasses Household Repair | Multipurpose Hand Tool Kit</span>,<span class=""a-size-medium a-color-base a-text-normal"">BLACK &amp; DECKER BDHT20346 350mm Hand-Powered Steel Mitre Box with Saw for Home, DIY &amp; Professional, 6 Months Warranty, ORANGE &amp; BLACK</span>,<span class=""a-size-medium a-color-base a-text-normal"">Inditrust Dream 17 Inch (425MM) Heavy Duty Hand Riveter Gun, Riveting Tool Fast Hitting Rivet Gun 30 rivets and GLOVES</span>,<span class=""a-size-medium a-color-base a-text-normal"">TEC TAVAKKAL 25 in 1 Precision Screwdriver Set Multi Pocket Repair Tool Kit for Mobiles|Laptops|Electronics</span>,<span class=""a-size-medium a-color-base a-text-normal"">VARNIRAJ Universal 23 In 1 Wrench Ratchets Adjustable Spanner 7-19 MM Key Multitools Hand Tool Suitable For Car Repair Universal Wrench</span>,<span class=""a-size-medium a-color-base a-text-normal"">Bosch 11 Pcs Basic Handtool In Canvas Bag</span>,<span class=""a-size-medium a-color-base a-text-normal"">kaufen Hand Tool Kit 46 Pieces Socket Wrench Set with 1/4 inch Drive Mechanic Tools Set Ratchet Screwdriver Kits Metric &amp; Extension Bar for Auto &amp; Bicycle &amp; Household with Storage Case</span>,<span class=""a-size-medium a-color-base a-text-normal"">AGARO Hand Tool Kit (12 Pieces), Home Use,DIY, Red &amp; Black</span>,<span class=""a-size-medium a-color-base a-text-normal"">Novo Tool Kit Tool Kit for Home Use Tools Kit Spanner Set Socket Set Wrench Set Tools Set Hand Tools Bike Tool Kit Set Socket Wrench Set Spanner Set All Size Tool Kit Goti Pana Set - Box End</span>,<span class=""a-size-medium a-color-base a-text-normal"">Generic 4Pcs Durable Car Hook Craft Hand Tools Oil Seal O-Ring Seal Remover Pick Set</span>,<span class=""a-size-medium a-color-base a-text-normal"">amazon basics 32 Piece Household Tool Set, steel alloy</span>,<span class=""a-size-medium a-color-base a-text-normal"">THEMISTO TH-T08 8 IN 1 COMBINATION SCREWDRIVER SET (pack of 8)</span>,<span class=""a-size-medium a-color-base a-text-normal"">Asian Paints TruCare 12-in-1 Pcs Combination Jaw Spanners Wrench Set | Carbon Steel with Rust &amp; Corrosion Resistant Chrome Plating &amp; Satin Finish | Multipurpose Combination Tool Kit | IS: 2028:2004</span>,<span class=""a-size-medium a-color-base a-text-normal"">Bosch Professional 12-In-1 Multitool Set, Pack Of 1</span>,<span class=""a-size-medium a-color-base a-text-normal"">Stanley STMT81243 110-Piece High Quality Multi-Toolkit containing Pliers, Spanners, Drivers, Sockets, Bits, Wrenches &amp; Ratchets for Home, DIY &amp; Professional Use, 1 Year Warranty, Yellow &amp; Black</span>,<span class=""a-size-medium a-color-base a-text-normal"">Asian Paints Trucare 46-In-1Pc Socket Ratchet Wrench Set with Flowers Hex, Inner Flat Head Hex, DR Socket, Hex Key Wrenches, DR Universal Joint, Extension Bars, Flexible Extension for Household Repair</span>"
"<span class=""a-price-whole"">295</span>,<span class=""a-price-whole"">841</span>,<span class=""a-price-whole"">899</span>,<span class=""a-price-whole"">251</span>,<span class=""a-price-whole"">799</span>,<span class=""a-price-whole"">489</span>,<span class=""a-price-whole"">685</span>,<span class=""a-price-whole"">1,115</span>,<span class=""a-price-whole"">599</span>,<span class=""a-price-whole"">300</span>,<span class=""a-price-whole"">1,709</span>,<span class=""a-price-whole"">189</span>,<span class=""a-price-whole"">399</span>,<span class=""a-price-whole"">782</span>,<span class=""a-price-whole"">8,299</span>,<span class=""a-price-whole"">1,499</span>","<span>(85% off)</span>,<span>(24% off)</span>,<span>(10% off)</span>,<span>(75% off)</span>,<span>(60% off)</span>,<span>(25% off)</span>,<span>(57% off)</span>,<span>(55% off)</span>,<span>(60% off)</span>,<span>(57% off)</span>,<span>(54% off)</span>,<span>(73% off)</span>,<span>(43% off)</span>,<span>(2% off)</span>,<span>(32% off)</span>,<span>(50% off)</span>","<span class=""a-size-medium a-color-base a-text-normal"">Cheston 24 In 1 Precision Screwdriver Set | Magnetic Sturdy &amp; Compact Kit for Fixing Electronics, Laptops, Mobile Phones PC &amp; Eye-Glasses Household Repair | Multipurpose Hand Tool Kit</span>,<span class=""a-size-medium a-color-base a-text-normal"">BLACK &amp; DECKER BDHT20346 350mm Hand-Powered Steel Mitre Box with Saw for Home, DIY &amp; Professional, 6 Months Warranty, ORANGE &amp; BLACK</span>,<span class=""a-size-medium a-color-base a-text-normal"">Inditrust Dream 17 Inch (425MM) Heavy Duty Hand Riveter Gun, Riveting Tool Fast Hitting Rivet Gun 30 rivets and GLOVES</span>,<span class=""a-size-medium a-color-base a-text-normal"">TEC TAVAKKAL 25 in 1 Precision Screwdriver Set Multi Pocket Repair Tool Kit for Mobiles|Laptops|Electronics</span>,<span class=""a-size-medium a-color-base a-text-normal"">VARNIRAJ Universal 23 In 1 Wrench Ratchets Adjustable Spanner 7-19 MM Key Multitools Hand Tool Suitable For Car Repair Universal Wrench</span>,<span class=""a-size-medium a-color-base a-text-normal"">Bosch 11 Pcs Basic Handtool In Canvas Bag</span>,<span class=""a-size-medium a-color-base a-text-normal"">kaufen Hand Tool Kit 46 Pieces Socket Wrench Set with 1/4 inch Drive Mechanic Tools Set Ratchet Screwdriver Kits Metric &amp; Extension Bar for Auto &amp; Bicycle &amp; Household with Storage Case</span>,<span class=""a-size-medium a-color-base a-text-normal"">AGARO Hand Tool Kit (12 Pieces), Home Use,DIY, Red &amp; Black</span>,<span class=""a-size-medium a-color-base a-text-normal"">Novo Tool Kit Tool Kit for Home Use Tools Kit Spanner Set Socket Set Wrench Set Tools Set Hand Tools Bike Tool Kit Set Socket Wrench Set Spanner Set All Size Tool Kit Goti Pana Set - Box End</span>,<span class=""a-size-medium a-color-base a-text-normal"">Generic 4Pcs Durable Car Hook Craft Hand Tools Oil Seal O-Ring Seal Remover Pick Set</span>,<span class=""a-size-medium a-color-base a-text-normal"">amazon basics 32 Piece Household Tool Set, steel alloy</span>,<span class=""a-size-medium a-color-base a-text-normal"">THEMISTO TH-T08 8 IN 1 COMBINATION SCREWDRIVER SET (pack of 8)</span>,<span class=""a-size-medium a-color-base a-text-normal"">Asian Paints TruCare 12-in-1 Pcs Combination Jaw Spanners Wrench Set | Carbon Steel with Rust &amp; Corrosion Resistant Chrome Plating &amp; Satin Finish | Multipurpose Combination Tool Kit | IS: 2028:2004</span>,<span class=""a-size-medium a-color-base a-text-normal"">Bosch Professional 12-In-1 Multitool Set, Pack Of 1</span>,<span class=""a-size-medium a-color-base a-text-normal"">Stanley STMT81243 110-Piece High Quality Multi-Toolkit containing Pliers, Spanners, Drivers, Sockets, Bits, Wrenches &amp; Ratchets for Home, DIY &amp; Professional Use, 1 Year Warranty, Yellow &amp; Black</span>,<span class=""a-size-medium a-color-base a-text-normal"">Asian Paints Trucare 46-In-1Pc Socket Ratchet Wrench Set with Flowers Hex, Inner Flat Head Hex, DR Socket, Hex Key Wrenches, DR Universal Joint, Extension Bars, Flexible Extension for Household Repair</span>"
"<span class=""a-price-whole"">295</span>,<span class=""a-price-whole"">841</span>,<span class=""a-price-whole"">899</span>,<span class=""a-price-whole"">251</span>,<span class=""a-price-whole"">799</span>,<span class=""a-price-whole"">489</span>,<span class=""a-price-whole"">685</span>,<span class=""a-price-whole"">1,115</span>,<span class=""a-price-whole"">599</span>,<span class=""a-price-whole"">300</span>,<span class=""a-price-whole"">1,709</span>,<span class=""a-price-whole"">189</span>,<span class=""a-price-whole"">399</span>,<span class=""a-price-whole"">782</span>,<span class=""a-price-whole"">8,299</span>,<span class=""a-price-whole"">1,499</span>","<span>(85% off)</span>,<span>(24% off)</span>,<span>(10% off)</span>,<span>(75% off)</span>,<span>(60% off)</span>,<span>(25% off)</span>,<span>(57% off)</span>,<span>(55% off)</span>,<span>(60% off)</span>,<span>(57% off)</span>,<span>(54% off)</span>,<span>(73% off)</span>,<span>(43% off)</span>,<span>(2% off)</span>,<span>(32% off)</span>,<span>(50% off)</span>","<span class=""a-size-medium a-color-base a-text-normal"">Cheston 24 In 1 Precision Screwdriver Set | Magnetic Sturdy &amp; Compact Kit for Fixing Electronics, Laptops, Mobile Phones PC &amp; Eye-Glasses Household Repair | Multipurpose Hand Tool Kit</span>,<span class=""a-size-medium a-color-base a-text-normal"">BLACK &amp; DECKER BDHT20346 350mm Hand-Powered Steel Mitre Box with Saw for Home, DIY &amp; Professional, 6 Months Warranty, ORANGE &amp; BLACK</span>,<span class=""a-size-medium a-color-base a-text-normal"">Inditrust Dream 17 Inch (425MM) Heavy Duty Hand Riveter Gun, Riveting Tool Fast Hitting Rivet Gun 30 rivets and GLOVES</span>,<span class=""a-size-medium a-color-base a-text-normal"">TEC TAVAKKAL 25 in 1 Precision Screwdriver Set Multi Pocket Repair Tool Kit for Mobiles|Laptops|Electronics</span>,<span class=""a-size-medium a-color-base a-text-normal"">VARNIRAJ Universal 23 In 1 Wrench Ratchets Adjustable Spanner 7-19 MM Key Multitools Hand Tool Suitable For Car Repair Universal Wrench</span>,<span class=""a-size-medium a-color-base a-text-normal"">Bosch 11 Pcs Basic Handtool In Canvas Bag</span>,<span class=""a-size-medium a-color-base a-text-normal"">kaufen Hand Tool Kit 46 Pieces Socket Wrench Set with 1/4 inch Drive Mechanic Tools Set Ratchet Screwdriver Kits Metric &amp; Extension Bar for Auto &amp; Bicycle &amp; Household with Storage Case</span>,<span class=""a-size-medium a-color-base a-text-normal"">AGARO Hand Tool Kit (12 Pieces), Home Use,DIY, Red &amp; Black</span>,<span class=""a-size-medium a-color-base a-text-normal"">Novo Tool Kit Tool Kit for Home Use Tools Kit Spanner Set Socket Set Wrench Set Tools Set Hand Tools Bike Tool Kit Set Socket Wrench Set Spanner Set All Size Tool Kit Goti Pana Set - Box End</span>,<span class=""a-size-medium a-color-base a-text-normal"">Generic 4Pcs Durable Car Hook Craft Hand Tools Oil Seal O-Ring Seal Remover Pick Set</span>,<span class=""a-size-medium a-color-base a-text-normal"">amazon basics 32 Piece Household Tool Set, steel alloy</span>,<span class=""a-size-medium a-color-base a-text-normal"">THEMISTO TH-T08 8 IN 1 COMBINATION SCREWDRIVER SET (pack of 8)</span>,<span class=""a-size-medium a-color-base a-text-normal"">Asian Paints TruCare 12-in-1 Pcs Combination Jaw Spanners Wrench Set | Carbon Steel with Rust &amp; Corrosion Resistant Chrome Plating &amp; Satin Finish | Multipurpose Combination Tool Kit | IS: 2028:2004</span>,<span class=""a-size-medium a-color-base a-text-normal"">Bosch Professional 12-In-1 Multitool Set, Pack Of 1</span>,<span class=""a-size-medium a-color-base a-text-normal"">Stanley STMT81243 110-Piece High Quality Multi-Toolkit containing Pliers, Spanners, Drivers, Sockets, Bits, Wrenches &amp; Ratchets for Home, DIY &amp; Professional Use, 1 Year Warranty, Yellow &amp; Black</span>,<span class=""a-size-medium a-color-base a-text-normal"">Asian Paints Trucare 46-In-1Pc Socket Ratchet Wrench Set with Flowers Hex, Inner Flat Head Hex, DR Socket, Hex Key Wrenches, DR Universal Joint, Extension Bars, Flexible Extension for Household Repair</span>"
"<span class=""a-price-whole"">295</span>,<span class=""a-price-whole"">841</span>,<span class=""a-price-whole"">899</span>,<span class=""a-price-whole"">251</span>,<span class=""a-price-whole"">799</span>,<span class=""a-price-whole"">489</span>,<span class=""a-price-whole"">685</span>,<span class=""a-price-whole"">1,115</span>,<span class=""a-price-whole"">599</span>,<span class=""a-price-whole"">300</span>,<span class=""a-price-whole"">1,709</span>,<span class=""a-price-whole"">189</span>,<span class=""a-price-whole"">399</span>,<span class=""a-price-whole"">782</span>,<span class=""a-price-whole"">8,299</span>,<span class=""a-price-whole"">1,499</span>","<span>(85% off)</span>,<span>(24% off)</span>,<span>(10% off)</span>,<span>(75% off)</span>,<span>(60% off)</span>,<span>(25% off)</span>,<span>(57% off)</span>,<span>(55% off)</span>,<span>(60% off)</span>,<span>(57% off)</span>,<span>(54% off)</span>,<span>(73% off)</span>,<span>(43% off)</span>,<span>(2% off)</span>,<span>(32% off)</span>,<span>(50% off)</span>","<span class=""a-size-medium a-color-base a-text-normal"">Cheston 24 In 1 Precision Screwdriver Set | Magnetic Sturdy &amp; Compact Kit for Fixing Electronics, Laptops, Mobile Phones PC &amp; Eye-Glasses Household Repair | Multipurpose Hand Tool Kit</span>,<span class=""a-size-medium a-color-base a-text-normal"">BLACK &amp; DECKER BDHT20346 350mm Hand-Powered Steel Mitre Box with Saw for Home, DIY &amp; Professional, 6 Months Warranty, ORANGE &amp; BLACK</span>,<span class=""a-size-medium a-color-base a-text-normal"">Inditrust Dream 17 Inch (425MM) Heavy Duty Hand Riveter Gun, Riveting Tool Fast Hitting Rivet Gun 30 rivets and GLOVES</span>,<span class=""a-size-medium a-color-base a-text-normal"">TEC TAVAKKAL 25 in 1 Precision Screwdriver Set Multi Pocket Repair Tool Kit for Mobiles|Laptops|Electronics</span>,<span class=""a-size-medium a-color-base a-text-normal"">VARNIRAJ Universal 23 In 1 Wrench Ratchets Adjustable Spanner 7-19 MM Key Multitools Hand Tool Suitable For Car Repair Universal Wrench</span>,<span class=""a-size-medium a-color-base a-text-normal"">Bosch 11 Pcs Basic Handtool In Canvas Bag</span>,<span class=""a-size-medium a-color-base a-text-normal"">kaufen Hand Tool Kit 46 Pieces Socket Wrench Set with 1/4 inch Drive Mechanic Tools Set Ratchet Screwdriver Kits Metric &amp; Extension Bar for Auto &amp; Bicycle &amp; Household with Storage Case</span>,<span class=""a-size-medium a-color-base a-text-normal"">AGARO Hand Tool Kit (12 Pieces), Home Use,DIY, Red &amp; Black</span>,<span class=""a-size-medium a-color-base a-text-normal"">Novo Tool Kit Tool Kit for Home Use Tools Kit Spanner Set Socket Set Wrench Set Tools Set Hand Tools Bike Tool Kit Set Socket Wrench Set Spanner Set All Size Tool Kit Goti Pana Set - Box End</span>,<span class=""a-size-medium a-color-base a-text-normal"">Generic 4Pcs Durable Car Hook Craft Hand Tools Oil Seal O-Ring Seal Remover Pick Set</span>,<span class=""a-size-medium a-color-base a-text-normal"">amazon basics 32 Piece Household Tool Set, steel alloy</span>,<span class=""a-size-medium a-color-base a-text-normal"">THEMISTO TH-T08 8 IN 1 COMBINATION SCREWDRIVER SET (pack of 8)</span>,<span class=""a-size-medium a-color-base a-text-normal"">Asian Paints TruCare 12-in-1 Pcs Combination Jaw Spanners Wrench Set | Carbon Steel with Rust &amp; Corrosion Resistant Chrome Plating &amp; Satin Finish | Multipurpose Combination Tool Kit | IS: 2028:2004</span>,<span class=""a-size-medium a-color-base a-text-normal"">Bosch Professional 12-In-1 Multitool Set, Pack Of 1</span>,<span class=""a-size-medium a-color-base a-text-normal"">Stanley STMT81243 110-Piece High Quality Multi-Toolkit containing Pliers, Spanners, Drivers, Sockets, Bits, Wrenches &amp; Ratchets for Home, DIY &amp; Professional Use, 1 Year Warranty, Yellow &amp; Black</span>,<span class=""a-size-medium a-color-base a-text-normal"">Asian Paints Trucare 46-In-1Pc Socket Ratchet Wrench Set with Flowers Hex, Inner Flat Head Hex, DR Socket, Hex Key Wrenches, DR Universal Joint, Extension Bars, Flexible Extension for Household Repair</span>"
"<span class=""a-price-whole"">295</span>,<span class=""a-price-whole"">841</span>,<span class=""a-price-whole"">899</span>,<span class=""a-price-whole"">251</span>,<span class=""a-price-whole"">799</span>,<span class=""a-price-whole"">489</span>,<span class=""a-price-whole"">685</span>,<span class=""a-price-whole"">1,115</span>,<span class=""a-price-whole"">599</span>,<span class=""a-price-whole"">300</span>,<span class=""a-price-whole"">1,709</span>,<span class=""a-price-whole"">189</span>,<span class=""a-price-whole"">399</span>,<span class=""a-price-whole"">782</span>,<span class=""a-price-whole"">8,299</span>,<span class=""a-price-whole"">1,499</span>","<span>(85% off)</span>,<span>(24% off)</span>,<span>(10% off)</span>,<span>(75% off)</span>,<span>(60% off)</span>,<span>(25% off)</span>,<span>(57% off)</span>,<span>(55% off)</span>,<span>(60% off)</span>,<span>(57% off)</span>,<span>(54% off)</span>,<span>(73% off)</span>,<span>(43% off)</span>,<span>(2% off)</span>,<span>(32% off)</span>,<span>(50% off)</span>","<span class=""a-size-medium a-color-base a-text-normal"">Cheston 24 In 1 Precision Screwdriver Set | Magnetic Sturdy &amp; Compact Kit for Fixing Electronics, Laptops, Mobile Phones PC &amp; Eye-Glasses Household Repair | Multipurpose Hand Tool Kit</span>,<span class=""a-size-medium a-color-base a-text-normal"">BLACK &amp; DECKER BDHT20346 350mm Hand-Powered Steel Mitre Box with Saw for Home, DIY &amp; Professional, 6 Months Warranty, ORANGE &amp; BLACK</span>,<span class=""a-size-medium a-color-base a-text-normal"">Inditrust Dream 17 Inch (425MM) Heavy Duty Hand Riveter Gun, Riveting Tool Fast Hitting Rivet Gun 30 rivets and GLOVES</span>,<span class=""a-size-medium a-color-base a-text-normal"">TEC TAVAKKAL 25 in 1 Precision Screwdriver Set Multi Pocket Repair Tool Kit for Mobiles|Laptops|Electronics</span>,<span class=""a-size-medium a-color-base a-text-normal"">VARNIRAJ Universal 23 In 1 Wrench Ratchets Adjustable Spanner 7-19 MM Key Multitools Hand Tool Suitable For Car Repair Universal Wrench</span>,<span class=""a-size-medium a-color-base a-text-normal"">Bosch 11 Pcs Basic Handtool In Canvas Bag</span>,<span class=""a-size-medium a-color-base a-text-normal"">kaufen Hand Tool Kit 46 Pieces Socket Wrench Set with 1/4 inch Drive Mechanic Tools Set Ratchet Screwdriver Kits Metric &amp; Extension Bar for Auto &amp; Bicycle &amp; Household with Storage Case</span>,<span class=""a-size-medium a-color-base a-text-normal"">AGARO Hand Tool Kit (12 Pieces), Home Use,DIY, Red &amp; Black</span>,<span class=""a-size-medium a-color-base a-text-normal"">Novo Tool Kit Tool Kit for Home Use Tools Kit Spanner Set Socket Set Wrench Set Tools Set Hand Tools Bike Tool Kit Set Socket Wrench Set Spanner Set All Size Tool Kit Goti Pana Set - Box End</span>,<span class=""a-size-medium a-color-base a-text-normal"">Generic 4Pcs Durable Car Hook Craft Hand Tools Oil Seal O-Ring Seal Remover Pick Set</span>,<span class=""a-size-medium a-color-base a-text-normal"">amazon basics 32 Piece Household Tool Set, steel alloy</span>,<span class=""a-size-medium a-color-base a-text-normal"">THEMISTO TH-T08 8 IN 1 COMBINATION SCREWDRIVER SET (pack of 8)</span>,<span class=""a-size-medium a-color-base a-text-normal"">Asian Paints TruCare 12-in-1 Pcs Combination Jaw Spanners Wrench Set | Carbon Steel with Rust &amp; Corrosion Resistant Chrome Plating &amp; Satin Finish | Multipurpose Combination Tool Kit | IS: 2028:2004</span>,<span class=""a-size-medium a-color-base a-text-normal"">Bosch Professional 12-In-1 Multitool Set, Pack Of 1</span>,<span class=""a-size-medium a-color-base a-text-normal"">Stanley STMT81243 110-Piece High Quality Multi-Toolkit containing Pliers, Spanners, Drivers, Sockets, Bits, Wrenches &amp; Ratchets for Home, DIY &amp; Professional Use, 1 Year Warranty, Yellow &amp; Black</span>,<span class=""a-size-medium a-color-base a-text-normal"">Asian Paints Trucare 46-In-1Pc Socket Ratchet Wrench Set with Flowers Hex, Inner Flat Head Hex, DR Socket, Hex Key Wrenches, DR Universal Joint, Extension Bars, Flexible Extension for Household Repair</span>"
"<span class=""a-price-whole"">295</span>,<span class=""a-price-whole"">841</span>,<span class=""a-price-whole"">899</span>,<span class=""a-price-whole"">251</span>,<span class=""a-price-whole"">799</span>,<span class=""a-price-whole"">489</span>,<span class=""a-price-whole"">685</span>,<span class=""a-price-whole"">1,115</span>,<span class=""a-price-whole"">599</span>,<span class=""a-price-whole"">300</span>,<span class=""a-price-whole"">1,709</span>,<span class=""a-price-whole"">189</span>,<span class=""a-price-whole"">399</span>,<span class=""a-price-whole"">782</span>,<span class=""a-price-whole"">8,299</span>,<span class=""a-price-whole"">1,499</span>","<span>(85% off)</span>,<span>(24% off)</span>,<span>(10% off)</span>,<span>(75% off)</span>,<span>(60% off)</span>,<span>(25% off)</span>,<span>(57% off)</span>,<span>(55% off)</span>,<span>(60% off)</span>,<span>(57% off)</span>,<span>(54% off)</span>,<span>(73% off)</span>,<span>(43% off)</span>,<span>(2% off)</span>,<span>(32% off)</span>,<span>(50% off)</span>","<span class=""a-size-medium a-color-base a-text-normal"">Cheston 24 In 1 Precision Screwdriver Set | Magnetic Sturdy &amp; Compact Kit for Fixing Electronics, Laptops, Mobile Phones PC &amp; Eye-Glasses Household Repair | Multipurpose Hand Tool Kit</span>,<span class=""a-size-medium a-color-base a-text-normal"">BLACK &amp; DECKER BDHT20346 350mm Hand-Powered Steel Mitre Box with Saw for Home, DIY &amp; Professional, 6 Months Warranty, ORANGE &amp; BLACK</span>,<span class=""a-size-medium a-color-base a-text-normal"">Inditrust Dream 17 Inch (425MM) Heavy Duty Hand Riveter Gun, Riveting Tool Fast Hitting Rivet Gun 30 rivets and GLOVES</span>,<span class=""a-size-medium a-color-base a-text-normal"">TEC TAVAKKAL 25 in 1 Precision Screwdriver Set Multi Pocket Repair Tool Kit for Mobiles|Laptops|Electronics</span>,<span class=""a-size-medium a-color-base a-text-normal"">VARNIRAJ Universal 23 In 1 Wrench Ratchets Adjustable Spanner 7-19 MM Key Multitools Hand Tool Suitable For Car Repair Universal Wrench</span>,<span class=""a-size-medium a-color-base a-text-normal"">Bosch 11 Pcs Basic Handtool In Canvas Bag</span>,<span class=""a-size-medium a-color-base a-text-normal"">kaufen Hand Tool Kit 46 Pieces Socket Wrench Set with 1/4 inch Drive Mechanic Tools Set Ratchet Screwdriver Kits Metric &amp; Extension Bar for Auto &amp; Bicycle &amp; Household with Storage Case</span>,<span class=""a-size-medium a-color-base a-text-normal"">AGARO Hand Tool Kit (12 Pieces), Home Use,DIY, Red &amp; Black</span>,<span class=""a-size-medium a-color-base a-text-normal"">Novo Tool Kit Tool Kit for Home Use Tools Kit Spanner Set Socket Set Wrench Set Tools Set Hand Tools Bike Tool Kit Set Socket Wrench Set Spanner Set All Size Tool Kit Goti Pana Set - Box End</span>,<span class=""a-size-medium a-color-base a-text-normal"">Generic 4Pcs Durable Car Hook Craft Hand Tools Oil Seal O-Ring Seal Remover Pick Set</span>,<span class=""a-size-medium a-color-base a-text-normal"">amazon basics 32 Piece Household Tool Set, steel alloy</span>,<span class=""a-size-medium a-color-base a-text-normal"">THEMISTO TH-T08 8 IN 1 COMBINATION SCREWDRIVER SET (pack of 8)</span>,<span class=""a-size-medium a-color-base a-text-normal"">Asian Paints TruCare 12-in-1 Pcs Combination Jaw Spanners Wrench Set | Carbon Steel with Rust &amp; Corrosion Resistant Chrome Plating &amp; Satin Finish | Multipurpose Combination Tool Kit | IS: 2028:2004</span>,<span class=""a-size-medium a-color-base a-text-normal"">Bosch Professional 12-In-1 Multitool Set, Pack Of 1</span>,<span class=""a-size-medium a-color-base a-text-normal"">Stanley STMT81243 110-Piece High Quality Multi-Toolkit containing Pliers, Spanners, Drivers, Sockets, Bits, Wrenches &amp; Ratchets for Home, DIY &amp; Professional Use, 1 Year Warranty, Yellow &amp; Black</span>,<span class=""a-size-medium a-color-base a-text-normal"">Asian Paints Trucare 46-In-1Pc Socket Ratchet Wrench Set with Flowers Hex, Inner Flat Head Hex, DR Socket, Hex Key Wrenches, DR Universal Joint, Extension Bars, Flexible Extension for Household Repair</span>"
"<span class=""a-price-whole"">295</span>,<span class=""a-price-whole"">841</span>,<span class=""a-price-whole"">899</span>,<span class=""a-price-whole"">251</span>,<span class=""a-price-whole"">799</span>,<span class=""a-price-whole"">489</span>,<span class=""a-price-whole"">685</span>,<span class=""a-price-whole"">1,115</span>,<span class=""a-price-whole"">599</span>,<span class=""a-price-whole"">300</span>,<span class=""a-price-whole"">1,709</span>,<span class=""a-price-whole"">189</span>,<span class=""a-price-whole"">399</span>,<span class=""a-price-whole"">782</span>,<span class=""a-price-whole"">8,299</span>,<span class=""a-price-whole"">1,499</span>","<span>(85% off)</span>,<span>(24% off)</span>,<span>(10% off)</span>,<span>(75% off)</span>,<span>(60% off)</span>,<span>(25% off)</span>,<span>(57% off)</span>,<span>(55% off)</span>,<span>(60% off)</span>,<span>(57% off)</span>,<span>(54% off)</span>,<span>(73% off)</span>,<span>(43% off)</span>,<span>(2% off)</span>,<span>(32% off)</span>,<span>(50% off)</span>","<span class=""a-size-medium a-color-base a-text-normal"">Cheston 24 In 1 Precision Screwdriver Set | Magnetic Sturdy &amp; Compact Kit for Fixing Electronics, Laptops, Mobile Phones PC &amp; Eye-Glasses Household Repair | Multipurpose Hand Tool Kit</span>,<span class=""a-size-medium a-color-base a-text-normal"">BLACK &amp; DECKER BDHT20346 350mm Hand-Powered Steel Mitre Box with Saw for Home, DIY &amp; Professional, 6 Months Warranty, ORANGE &amp; BLACK</span>,<span class=""a-size-medium a-color-base a-text-normal"">Inditrust Dream 17 Inch (425MM) Heavy Duty Hand Riveter Gun, Riveting Tool Fast Hitting Rivet Gun 30 rivets and GLOVES</span>,<span class=""a-size-medium a-color-base a-text-normal"">TEC TAVAKKAL 25 in 1 Precision Screwdriver Set Multi Pocket Repair Tool Kit for Mobiles|Laptops|Electronics</span>,<span class=""a-size-medium a-color-base a-text-normal"">VARNIRAJ Universal 23 In 1 Wrench Ratchets Adjustable Spanner 7-19 MM Key Multitools Hand Tool Suitable For Car Repair Universal Wrench</span>,<span class=""a-size-medium a-color-base a-text-normal"">Bosch 11 Pcs Basic Handtool In Canvas Bag</span>,<span class=""a-size-medium a-color-base a-text-normal"">kaufen Hand Tool Kit 46 Pieces Socket Wrench Set with 1/4 inch Drive Mechanic Tools Set Ratchet Screwdriver Kits Metric &amp; Extension Bar for Auto &amp; Bicycle &amp; Household with Storage Case</span>,<span class=""a-size-medium a-color-base a-text-normal"">AGARO Hand Tool Kit (12 Pieces), Home Use,DIY, Red &amp; Black</span>,<span class=""a-size-medium a-color-base a-text-normal"">Novo Tool Kit Tool Kit for Home Use Tools Kit Spanner Set Socket Set Wrench Set Tools Set Hand Tools Bike Tool Kit Set Socket Wrench Set Spanner Set All Size Tool Kit Goti Pana Set - Box End</span>,<span class=""a-size-medium a-color-base a-text-normal"">Generic 4Pcs Durable Car Hook Craft Hand Tools Oil Seal O-Ring Seal Remover Pick Set</span>,<span class=""a-size-medium a-color-base a-text-normal"">amazon basics 32 Piece Household Tool Set, steel alloy</span>,<span class=""a-size-medium a-color-base a-text-normal"">THEMISTO TH-T08 8 IN 1 COMBINATION SCREWDRIVER SET (pack of 8)</span>,<span class=""a-size-medium a-color-base a-text-normal"">Asian Paints TruCare 12-in-1 Pcs Combination Jaw Spanners Wrench Set | Carbon Steel with Rust &amp; Corrosion Resistant Chrome Plating &amp; Satin Finish | Multipurpose Combination Tool Kit | IS: 2028:2004</span>,<span class=""a-size-medium a-color-base a-text-normal"">Bosch Professional 12-In-1 Multitool Set, Pack Of 1</span>,<span class=""a-size-medium a-color-base a-text-normal"">Stanley STMT81243 110-Piece High Quality Multi-Toolkit containing Pliers, Spanners, Drivers, Sockets, Bits, Wrenches &amp; Ratchets for Home, DIY &amp; Professional Use, 1 Year Warranty, Yellow &amp; Black</span>,<span class=""a-size-medium a-color-base a-text-normal"">Asian Paints Trucare 46-In-1Pc Socket Ratchet Wrench Set with Flowers Hex, Inner Flat Head Hex, DR Socket, Hex Key Wrenches, DR Universal Joint, Extension Bars, Flexible Extension for Household Repair</span>"
