Book Name,Author Name,Price,Review Count
"Au Contraire, Mademoiselle",Paperback,306,by 
Worlds Greatest Library A Collection of 200 Inspiring Personalities Box Set of 8 Biographies,Wonder House Books,698,by 
The Complete Novel of Sherlock Holmes,Arthur Conan Doyle,168,by 
YOU ONLY LIVE ONCE,Paperback,178,by 
"Touch of Eternity, A: | A Bestselling romance Novel | Love Story","Durjoy, Datta,",156,by 
One Day Life Will Change A story of love and inspiration to win life when it hits you hard,Saranya Umakanthan,138,by 
A Man Called Ove,Fredrik Backman,205,by 
"THE SILENT PATIENT [Paperback] Michaelides, Alex",Alex Michaelides,194,by 
Don't Believe Everything You Think (English),Joseph Nguyen,175,by 
FALLING IN LOVE AGAIN,Ruskin Bond,217,by 
Exhalation,Ted Chiang,374,by 
Anandamath (Hindi),Paperback,108,Hindi Edition
Greatest Works of Jane Austen (Set of 5 Books),Jane Austen,498,by 
The Alchemist,Paulo Coelho,246.,by 
Dark Matter: The Most Mind-Blowing And Twisted Thriller Of The Year,Blake Crouch,319,by 
"The Palace of Illusions: 10th Anniversary Edition [Paperback] Banerjee Divakaruni, Chitra",Chitra Banerjee Divakaruni,259,by 
"Something I Never Told You [Paperback] Bhinder, Shravya",Shravya Bhinder,167,by 
When I Am With You,Durjoy Datta,146,by 
"Three Thousand Stitches: Ordinary People, Extraordinary Lives [Paperback] Murty, Sudha",Paperback,161,by 
The Power of Your Subconscious Mind,Joseph Murphy,99,by 
The Complete Novel of Sherlock Holmes,Arthur Conan Doyle,168,by 
Wuthering Heights- fingerprint,Emily Brontë,99,by 
The Running Grave: Cormoran Strike Book 7,Robert Galbraith,649,by 
Wuthering Heights- fingerprint,Emily Brontë,99,by 
The Power of A Positive Attitude: Your Road To Success,Roger Fritz,98,by 
Your Time Will Come,Saranya Umakanthan,138,by 
You Can,George Matthew Adams,99,by 
The Girl in Room 105,Chetan Bhagat,218,by 
The Temporary Roomie: A bestselling Romantic Comedy ǀ A hilarious romance of enemies turned lovers as seen on TikTok,Sarah Adams,177,by 
Ikigai,Francesc Miralles,266,by 
"That Night: Four Friends, Twenty Years,",Nidhi Upadhyay,156,by 
Lockdown Love : A Novel: A Tale of Commitment and Duty,Paperback,69,by 
Bheema,Paperback,142,Malayalam Edition
Alchemist (Hindi),Paulo Coelho,185,Hindi Edition
The Canterville Ghost,Oscar Wilde,98,by 
Chetan bhagat 400 days,Chetan Bhagat,244,by 
DEATH: AN INSIDE STORY,Sadhguru,193,by 
Kunex It Ends With Us : ''Sometimes The One Who Loves You Is The One Who Hurts You The Most'',Colleen Hoover,275,by 
The Girl in the House: A Psychological Thriller ǀ A chilling supernatural mystery,Harshvardhan Rao,188,by 
You are the Best Friend: A True Love Story | Order now to get a Author Signed copy,Ajay K Pandey,137,by 
Life Switch: It’s Your Life. Until it’s: What if you could exchange your life and become someone else?,Madhuri Banerjee,74.,by 
"Best of Hindi Short Stories (Set of 4 books) - Premchand, Jaishankar Prasad, Sarat Chandra, Rabindranath Tagore",Paperback,377,Hindi Edition
The Complete Novel of Sherlock Holmes,Arthur Conan Doyle,168,by 
Siddhartha An Indian Tale,Hermann Hesse,98,by 
The Running Grave: Cormoran Strike Book 7,Robert Galbraith,649,by 
Wuthering Heights- fingerprint,Emily Brontë,99,by 
Ghosts of The Silent Hills: Stories based on true hauntings,Anita Krishan,178,by 
The Wife Upstairs: An addictive new 2021 psychological crime thriller with a twist - a New York Times bestseller!,Rachel Hawkins,305,by 
Lal Salaam: A Novel,Paperback,47,by 
"Girl Who Knew Too Much, The: What if the Loved One You Lost Were to Come Back?",Vikrant Khanna,131,by 
செல்லக்கிளியே (Tamil Edition),Olinila Novels,0,Tamil Edition
The Secret Garden Illustrated Abridged Children Classics English Novel with Review Questions Hardback,Frances Hodgson Burnett,158,by 
The Time Machine-FINGERPRINT,H. G. Wells,98,by 
Worlds Greatest Classics Set of 4 Books,Paperback,478,by 
Siddhartha An Indian Tale,Hermann Hesse,98,by 
Alchemist (Hindi),Paulo Coelho,185,Hindi Edition
"The Midnight Library [Paperback] Haig, Matt",Matt Haig,376,by 
"Bad Liars: One Murder. Three Liars. [Paperback] Khanna, Vikrant",Vikrant Khanna,145,by 
She fell in love with her best friend,Sharad Raj C,95,by 
Treasure Island,Robert Louis Stevenson,106,by 
A Touch of Eternity + When I Am With You,Product Bundle,302,22
World's Greatest Pack for Personal Growth and Wealth (Set of 4 Books),Paperback,288,by 
Outlander: A Novel: 1,Diana Gabaldon,409,by 
November 9: A Novel,Colleen Hoover,215,by 
The Complete Novel of Sherlock Holmes,Arthur Conan Doyle,168,by 
Think and Grow Rich THE 21st CENTURY EDITION,Napoleon Hill,98,by 
Bheema,Paperback,142,Malayalam Edition
The Running Grave: Cormoran Strike Book 7,Robert Galbraith,649,by 
Think Like a Monk 1st edition - Train your M,Jay Shetty,249,by 
The Girl Who Drank the Moon,Kelly Barnhill,254,by 
The Diary Of A Young Girl -FINGERPRINT,Anne Frank,117,by 
The Art Of War,Sun Tzu,97,by 
Metamorphosis - FINGERPRINT,Franz Kafka,88,by 
Attitude Is Everything: Change Your Attitude ... Change Your Life!,Jeff Keller,135,French Edition
1984 - Fingerprint! (New-2019),George Orwell,98,by 
And Then There Were None: The World’s Favourite Agatha Christie Book: The World’s Favourite Agatha Christie Book,Paperback,321,by 
Siddhartha An Indian Tale,Hermann Hesse,98,by 
Alchemist (Hindi),Paulo Coelho,185,Hindi Edition
Think and Grow Rich THE 21st CENTURY EDITION,Napoleon Hill,98,by 
The Off Limits Rule,Sarah Adams,151,by 
The Secret Garden,Frances Hodgson Burnett,137,by 
Pride and Prejudice (FINGERPRINT),Jane Austen,128,by 
Sherlock Holmes Series Complete Collection 7 Books Set by Arthur Conan Doyle,Paperback,861,by 
"Naruto: Itachi'S Story, Vol. 2 Midnight: Volume 2 (Naruto Novels)",Takashi Yano,376,by 
Siddhartha An Indian Tale,Hermann Hesse,98,by 
I Hear You: Most expectant mothers talk to their unborn. But what if the unborn starts to respond? | A psychological thriller with jaw-dropping twists.,Nidhi Upadhyay,165,by 
The Complete Novel of Sherlock Holmes,Arthur Conan Doyle,168,by 
Heart Of Darkness,Joseph Conrad,108,by 
Bheema,Paperback,142,Malayalam Edition
The Running Grave: Cormoran Strike Book 7,Robert Galbraith,649,by 
Mohini Theevu [Paperback] Amarar Kalki; SUBA and SHYAM,Paperback,100,Tamil Edition
I Hear You: Most expectant mothers talk to their unborn. But what if the unborn starts to respond? | A psychological thriller with jaw-dropping twists.,Nidhi Upadhyay,165,by 
HereThere and Everywhere : Best-Loved,Paperback,178,by 
Arthashastra,Paperback,198,by 
Everything I Never Told You,Ajay K Pandey,143,by 
"Whisper to Me Your Lies: Must Read Fiction, Mystery & Thriller Books | Penguin Books",Novoneel Chakraborty,127,by 
"Sherlock Holmes : The Complete Novels (PREMIUM PAPERBACK, PENGUIN INDIA)",Arthur Conan Doyle,158,by 
A Thousand Kisses Deep,Novoneel Chakraborty,129,by 
Wuthering Heights- fingerprint,Emily Brontë,99,by 
Siddhartha An Indian Tale,Hermann Hesse,98,by 
The Kid Who Came From Space,Ross Welford,290,by 
"Next in Line: The latest book from the Sunday Times bestselling author, the must-read new crime-thriller of 2022 (William Warwick Novels): The ... from the Sunday Times bestselling author.",Jeffrey Archer,305,by 
BRAHAMAN KI BETI (HINDI),Sharat Chandra Chattopadhyay,86,Hindi Edition
Oliver Twist Illustrated Abridged Children Classics English Novel with Review Questions Hardback,Hardcover,133.,255
Where The Sun Never Sets,Stuti Changle,174,by 
WISH I COULD TELL YOU,Durjoy Datta,162,by 
Chitralekha,Bhagwaticharan Verma,222,Hindi Edition
Moby Dick Deluxe Hardbound Edition,Hardcover,598,by 
The Complete Novel of Sherlock Holmes,Arthur Conan Doyle,168,by 
Alchemist (Hindi),Paulo Coelho,185,Hindi Edition
