name,price,rating
,,
"Boldfit Turf Bat Cricket for Adults Plastic Tennis Cricket Bat for Mens Heavy Plastic Cricket Bats with Grip for Gully Cricket, Tournament Match Standard Full Size Tennis Ball Bat for Cricket - Black",299,4.0 out of 5 stars
Jaspo SLOG Plastic Cricket Full Size Bat (34” X 4.5” inch) for All Age Group (SLOG Cricket BAT),369,4.1 out of 5 stars
"JRS AVS Tennis Cricket bat with Free Ball (Multibrand Sticker) 8-12 Years Boys,Multicolor,Wood",399,3.4 out of 5 stars
,,
"Lycan Junior Cricket Bat Size 3, Age 6-8 Year Old Kids # 1pc Cricket bat only",240,3.7 out of 5 stars
"Ske Popular Willow Cricket Bat With Bat Cover For Men'S And Adult All Tennis Ball (Natural, Full Size), Wood, Multicolour",434,3.4 out of 5 stars
SG Kashmir Willow Cricket Bat with Full Cover,"1,879",3.9 out of 5 stars
Briovy Power Poplar Willow Cricket Wooden Bat Playing with Tennis Cricket Ball for Boys (Red),699,2.8 out of 5 stars
Jaspo Be Wild Heavy Duty Plastic Cricket Bat Full Plastic bat Hard Plastic Bat Cricket bat Full Size for All Age Groups – Kids Boys Girls Adults(Off White),499,4.6 out of 5 stars
Saini Goldmine Super Power Popular Willow Cricket Bat Full Size Lightweight Wooden Bat All Age Group Multicolor Blue BAT (Popular bat),630,
,,
"JRS S014 M Popular Willow Cricket Bat Size 6 (12-14 Year Year Old Kids) with Ball Pack of 1, Wooden Cricket bat",399,3.3 out of 5 stars
"DSC Scorer Kashmir Willow Cricket Bat ( Size: Short Handle, Ball_ type : Leather Ball, Playing Style : All-Round )","1,612",3.9 out of 5 stars
Jaspo Dominator-x Senior Plastic Cricket Full Size Bat (34” X 4.5” inch) for All Age Group with Soft Cricket Ball (Dominator-BAT),439,4.1 out of 5 stars
XTROKE Scoop Design Popular Willow Cricket Bat for All Tennis Balls Full Size (Only Bat),470,2.3 out of 5 stars
"SG Max Cover Kashmir Willow Cricket Bat (Size: Short Handle,Leather Ball)","2,183",3.7 out of 5 stars
"GRS Kids Zone Popular Willow Cricket Bat with Wicket Set & 1 Tennis Ball for Kids (Size 3, Age 6-10 Year Old Kids) Multicolor",429,3.9 out of 5 stars
"SG Super Cover Grade 5 English Willow Cricket Bat ( Size: Size 6,Leather Ball )","3,485",3.0 out of 5 stars
"SG Max Cover Kashmir Willow Cricket Bat ( Size: Size 6,Leather Ball )","1,895",3.9 out of 5 stars
Florence Full Size Popular Cricket Bat for All Hard and Soft Tennis Bat Cricket Bat (Children) Multicolor (New Blue bat),639,3.7 out of 5 stars
Poplar Willow Wooden Cricket Bat with Tennis Cricket Ball (Combo) for Boys & Girls (Size 3 for 6-8 Year),249,3.5 out of 5 stars
TOSKA Full Size MRF Cricket Bat with Bat Cover for All Hard and Soft Tennis Ball/Leather Ball Cricket Bat (Men|Women) (Red),749,2.9 out of 5 stars
"FitBox Sports Viper Series Full Size Heavy Duty Plastic Cricket Bat Suitable with Tennis Ball, Wind Ball & Plastic Ball.",425,4.1 out of 5 stars
"Generic 2023 Special Edition Popular Willow Cricket Bat, Full Size (New-Version) Multicolor Childrens bat",649,3.2 out of 5 stars
SG Prokick Kashmir Willow Cricket Bat with Fullcover - Short Handle Mens,"1,890",3.6 out of 5 stars
Florence Special Edition 2023 Scoop Tennis Cricket Bat Full Size Popular Willow bat (New Power Bat),648,3.5 out of 5 stars
"SS Master Kashmir Willow Cricket Bat, Short Handle","2,155",4.0 out of 5 stars
SG Wooden Cricket Tennis Bat T-800,"1,366",4.0 out of 5 stars
SG Sierra Plus Kashmir Willow Cricket Bat,"2,217",4.1 out of 5 stars
"VICTORY Plastic bat, Cricket bat, Plastic bat Full Size,Hard Plastic Bat, Unique PVC/Plastic Cricket Bat (Green)",389,3.9 out of 5 stars
THE VILLAIN Striker Heavy Duty Plastic Cricket Bat | Premium Bat for All Age Groups | Black Color | Full Size | 1 Bat 1 Ball Combo,599,
"SG Phoenix Xtreme Kashmir Willow Cricket Bat (Size: Short Handle,Leather Ball)","2,215",3.7 out of 5 stars
"ANTINA Cricket Bat, Plastic Cricket Bat, Plastic Bat Full Size for Tennis and Rubber Balls, Cricket Bats for Men Women Ground Practice and Tournament (Lime Green)",359,4.6 out of 5 stars
SG RSD Spark Kashmir Willow Cricket Bat (Color May Vary),"1,999",3.9 out of 5 stars
Jaspo Plastic Cricket Full Size Bat (34” X 4.5” inch) for All Age Groups (CRIC-Holic BAT),449,3.8 out of 5 stars
"SG Prokick Kashmir Willow Cricket Bat, Size - 4","1,577",3.9 out of 5 stars
"Sixer Mirage Heavy Duty Plastic Cricket Bat,Full Size (34” X 4.5”inches),930 Grams Premium Bat for All Age Groups – Kids/Boys/Girls/Adults",429,
SG Catch Cricket Bat (Color May Vary) - Material: Wood,"1,200",3.1 out of 5 stars
"RS Sports Wooden Cricket Bat for Boys 9-14 Years, Size-5 (1 Bat, 1 Ball and Stump Set)",599,3.3 out of 5 stars
"Victory Plastic Bat, Plastic Cricket Bat Hard Plastic, Plastic Bat for Tennis and Wind Ball, Cricket Bat",355,4.0 out of 5 stars
"SG Savage Strike Grade 2 English Willow Cricket Bat ( Size: Short Handle,Leather Ball )","22,747",3.0 out of 5 stars
"Woke Stalwart Heavy Duty Plastic Cricket Bat,Full Size (34” X 4.5”inches) Premium Bat for All Age Groups – Kids/Boys/Girls/Adults (STALWART (Black))",499,3.9 out of 5 stars
"PREIMUM Turf Bat Cricket for Adults Plastic Tennis Cricket Bat for Mens Heavy Plastic Cricket Bats with Grip for Gully Cricket, Tournament Match Standard Full Size Tennis Ball Bat for Cricket - Black",399,
"GRS Kids Zone Heavy Grade Strong Plastic Cricket Bat with Wicket Set & 1 Tennis Ball for Kids (Size 3, Age 6-10 Year Old Kids), Strong Plastic",399,4.4 out of 5 stars
"Wooden Cricket Bat for Boys & Girls, Rohit Sharma Bat, Lightweight & Durable Poplar Willow Bat, Only Bat (Size 1 for Age 3-4 Years)",277,4.3 out of 5 stars
"SG KLR Spark Cricket BAT, Multicolour, SH (Kashmir Willow)","2,429",4.0 out of 5 stars
GM Neon Apex Kashmir Willow Cricket Bat with Cloth Cover on Face,"1,935",3.5 out of 5 stars
"PMG Cricket Bat for Tennis Ball Size 6, Cricket bat for Boys of 9-15 Years kit (Bat, 3 Balls and 1 Cap, Wood)",499,3.5 out of 5 stars
"GRS Super Plastic Junior Cricket Bat (Size 3, Age 6-10 Year Old Kids)",179,3.7 out of 5 stars
"Sixer Mirage Heavy Duty Plastic Cricket Bat,Full Size (34” X 4.5”inches),930 Grams Premium Bat for All Age Groups – Kids/Boys/Girls/Adults (White)",449,4.5 out of 5 stars
,,
,,
,,
,,
"GM Zelos II 444 English Willow Short Handle Cricket Bat Size-Mens, Wooden","7,557",3.1 out of 5 stars
"SG Thunder Plus Cricket Bat, Short Handle, Popular Willow","2,009",4.0 out of 5 stars
"Jaspo 7 Enforcers Heavy Duty Plastic Cricket Bat,Full Size (34” X 4.5”inches) Premium Bat for All Age Groups – Kids/Boys/Girls/Adults (7 ENFORCERS)",499,3.7 out of 5 stars
,,
playR x Rajasthan Royals - Royals at Heart - Cut Frame Tennis Bat (Size: Full),"1,227",
GRS® Boom Kids Zone Popular Willow Wooden Cricket Bat for Kids (Size 2 for Age Group 6-7 Years Kids),199,3.8 out of 5 stars
"Sg Players Edition Grade 1 English Willow Cricket Bat ( Size: Size 5,Leather Ball ), Multicolour, Wood","11,599",3.5 out of 5 stars
"MSB Sports Popular Willow Cricket Bat for Tennis Ball, Size 5,Natural(ST-5-Popular) with Cover and Tennis Ball",395,3.2 out of 5 stars
Lycan Cricket bat for Adults Plastic Tennis Cricket Bat for Mens Heavy Plastic Cricket Bats - Full Size - Long Handle (Monster - Cricket BAT),399,4.2 out of 5 stars
"DSC Intense Rage Grade 3 English Willow Cricket Bat ( Size: Short Handle, Ball_ type : Leather Ball, Playing Style : All-Round )","8,412",3.5 out of 5 stars
,,
"GM Icon Super Star Kashmir Willow Cricket Bat for Mens, Size - Mens","3,138",4.9 out of 5 stars
SG Kashmir Willow Cricket Bat,"1,699",4.0 out of 5 stars
"SG Triple Crown Original English Willow Cricket Bat, Multicolour","28,459",1.0 out of 5 stars
GTN NEXT ® Soft Tennis Cricket Bat Single Blade Scoop Design Poplar Willow Set Balance Soft & Hard Tennis and Rubber Ball Play -No Leather Ball Play (6),699,
SG RSD Plus Kashmir Willow Cricket Bat (Color May Vary),"2,519",4.0 out of 5 stars
SG klr Xtreme English Willow Short Handle Cricket bat,"14,736",3.4 out of 5 stars
"RYLAN Turf Bat Cricket for Adults Plastic Tennis Cricket Bat for Mens Heavy Plastic Cricket Bats with Grip for Gully Cricket, Tournament Match Standard Full Size Tennis Ball Bat for Cricket (Black)",395,4.4 out of 5 stars
"SS 281 Kashmir Willow Cricket Bat, 5","2,044",4.4 out of 5 stars
SG Scorer Classic Kashmir Willow Cricket Bat,"1,582",3.9 out of 5 stars
JRS Wooden N017 Cricket Bat with Ball for Kids Size 3 Pack of 1 (Multi-Color) 7-8 Years Boys,349,
playR x Punjab Kings - Sadda Squad - Cut Frame Tennis Bat (Size: Full),"1,338",
playR x Punjab Kings - Sadda Haq - Tennis Bat (Size: 4),926,3.0 out of 5 stars
SG HP Wooden Spark Cricket Bat Size 5,"2,104",5.0 out of 5 stars
SG Sunny Gold Grade 1 Cricket BAT (English Willow),"21,982",3.6 out of 5 stars
DSC Condor Blitzer Kashmir Willow Cricket Bat (Size-6),"1,967",3.8 out of 5 stars
"Airic Kashmiri Popular Willow Cricket Bat with Ball, Wickets and Bag Cricket Kit (Size 4 (9 to 11 Years))",745,3.7 out of 5 stars
playR x Chennai Super Kings - Yellove - Cut Frame Tennis Bat (Size: Full),"1,309",5.0 out of 5 stars
"PMG Virat Kohli Wooden Cricket Bat for Boys 9-14 Years, Size-6 (1 Bat, 1 Ball, 1 Cap)",398,3.3 out of 5 stars
"SG Triple Crown Classic Grade 1+ English Willow Cricket Bat ( Size: Short Handle,Leather Ball )","30,718",3.6 out of 5 stars
"DSC Lava Kashmir Willow Short Handle Cricket Bat, Size - Mens","1,675",3.6 out of 5 stars
SG Triple Crown Ultimate Grade 1 English Willow Cricket BAT,"19,563",2.9 out of 5 stars
DSC Wildfire Kashmir Willow Tennis Cricket Bat,"1,460",3.4 out of 5 stars
"DSC Krunch 9.0 English Willow Cricket Bat for Mens, Size-Mens, Orange","8,063",2.8 out of 5 stars
Kookaburra Adult Cricket Bat KB Kahuna Pro 40 (Kashmir Willow),"3,148",3.8 out of 5 stars
Xtroke Popular Willow Scoop Cricket Bat with Tennis Ball & Bat Cover for Tennis Ball Full Size for Boys and Girls (Cricket Bat with Tennis Ball and Bat Cover),475,2.9 out of 5 stars
"GRS Super Kids Zone Popular Willow Cricket Bat with Wicket Set & 1 Tennis Ball for Kids (Size 3, Age 6-10 Year Old Kids), Wood",429,3.6 out of 5 stars
Pro Game MRF Genius Virat Kohli bat and Tennis Ball Combo for Kids/Adults Poplar Willow Cricket Bat (6),379,3.6 out of 5 stars
"SG Roar Xtreme Grade 2 English Willow Cricket Bat ( Size: Short Handle,Leather Ball )","8,333",4.3 out of 5 stars
"SS R-7 kw bat Grade 3 Kashmir Willow Cricket Bat ( Size: Short Handle,Leather Ball )","2,514",3.8 out of 5 stars
"TOSKA Cricket Bat Full Size Popular Willow MRF Cricket Bat for Tennis Ball, Leather Ball Rubber Ball, Plastic Ball (Men|Women) (White)",650,3.0 out of 5 stars
SG Kashmir Willow Cricket Bat (Tennis Ball) T-1600,"2,190",2.9 out of 5 stars
"SG Sunny Gold Classic Original LE, Multicolour (English Willow)","59,628",3.2 out of 5 stars
THE VILLAIN Sixer Heavy Duty Plastic Cricket Bat | Premium Bat for All Age Groups | Black Color | Full Size | 1 Bat 1 Ball Combo,599,
"SG KLR ICON English Willow Cricket Bat, Multicolour","15,000",3.3 out of 5 stars
"SG Cobra Gold Kashmir Willow Cricket Bat ( Size: Size 5,Leather Ball )","2,776",3.7 out of 5 stars
Xtroke Popular Willow Cricket Bat Combo Hand Wristband Free for All Tennis Ball Full Size Bat (Cricket Bat with 1 Hand Wristband),481,3.3 out of 5 stars
"Woke Rebel Premium Kashmir Willow Scoop Cricket Bat (34” X 4.5” inches), Full Size Suitable for Soft/Hard Tennis Cricket Ball Bigger Sweet Spot, Recommended for Kids/Junior/Senior/Boys/Girls & Adults","1,999",3.0 out of 5 stars
SG Liam Livingstone Players Cricket BAT,"60,499",
"JRS Boys Popular Willow Cricket Bat M Size 3 with Ball and Cover (6-9 Year Year Old Kids) Pack of 1, Wood Cricket bat kit Set",299,2.5 out of 5 stars
,,
,,
,,
,,
SG Prithvi Shaw Players BAT,"60,499",
"DSC Krunch Bull 31 Player Edition English Willow Cricket Bat for Mens, Size-Mens, Orange","30,481",2.6 out of 5 stars
SF Black Edition Cricket BAT,"61,793",5.0 out of 5 stars
,,
"Kookaburra Kahuna Populer Willow Cricket Bat for Tennis Ball, Wind Ball",620,3.3 out of 5 stars
RS Wooden Lite Tennis Cricket bat with Ball Size 6 Pack of 1 (Sticker Multicolour) for 12-14 Year Old Boys.,449,3.2 out of 5 stars
"DSC BLU (Player Edition) English Willow Cricket Bat for Mens, Size-Mens","31,510",
XTROKE The Boss Edition Scoop Design Popular Willow for Boys and Girls Advance Play (Full Size) (Scoop Cricket Bat with Ball & Bat Cover),494,2.9 out of 5 stars
"DSC Intense Force Kashmir Willow Cricket Bat, Size-Short Handle, Multicolor","2,299",3.9 out of 5 stars
Classyshopo GM English Cricket Bat Diamond 303 English Willow Cricket Bat for Men and Boys | Cross Weave Tape on The Face| Short Handle| Lightweight | Free Cover | Short Handle with Cover,"2,899",1.0 out of 5 stars
,,
"GRS Kids Zone Popular Willow Cricket Bat with Wicket Set + 1 HulaHope & 1 Tennis Ball for Kids (Size 3, Age 6-10 Year Old Kids), Wood",519,4.4 out of 5 stars
"DSC SPLIIT 1.0 English Willow Cricket Bat, Short Handle, Size-Mens","27,798",1.0 out of 5 stars
GM Diamond 202 Kashmir Willow Short Handle Cricket Bat Size-Harrow,"2,269",3.6 out of 5 stars
"SG Savage Edition No-5 English-Willow Cricket Bat, Size 5, English Willow","7,741",3.7 out of 5 stars
"GM Icon 101 Kashmir Willow Cricket Bat for Mens, Size - Mens","3,395",5.0 out of 5 stars
"UTKRS Popular Willow Cricket Bat M Size 3 (6-9 Year Year Old Kids) with Ball Pack of 1, Wood Cricket bat kit Set",299,4.0 out of 5 stars
Grit Gear Astra Kashmir Willow Double Blade Premium Scooped Cricket Bat for Soft and Hard Tennis Ball with German Vinyl Sticker(Free Bat Cover)- Astra(Grip Colour May Vary),"1,519",4.1 out of 5 stars
RE Wood AVS Boys Cricket Bat with Ball for Kids Size 6 (with Ball & Cover) 12-15 yrs Boys/Girls,403,3.8 out of 5 stars
playR x Rajasthan Royals - Halla BOL - Tennis Bat (Size: Full),"1,298",
GM Chroma 606 English Willow Short Handle Cricket Bat Size-3,"5,879",3.4 out of 5 stars
GRS® Kids Zone Popular Willow Wooden Cricket Bat for Kids (Size 1 for Age Group 4-5 Years Kids),189,3.8 out of 5 stars
"SG Sierra Plus Kashmir Willow Cricket Bat ( Size: Short Handle,Leather Ball )","2,149",3.9 out of 5 stars
"Wooden Cricket Bat for Boys & Girls, King Kohli Bat, Lightweight & Durable Poplar Willow Bat, Only Bat (Size 1 for Age 3-4 Years)",277,
RS Spark 03 Wooden Cricket Bat with Ball Size 1 Pack of 1 (Multibrand) 3-5 Year Old Boys,349,4.7 out of 5 stars
"DSC BLU 500 English Willow Cricket Bat, Short Handle, Size-Mens","27,407",
SG KLR Ultimate English Willow Wood Cricket Bat (Multicolour),"22,407",1.0 out of 5 stars
"Popular Willow Wooden Kukaburra Cricket Bat Full Size 33.5 inches for 14+ Years Boys & Girls with 1 Ball for 14+ Years,",400,2.9 out of 5 stars
playR x Rajasthan Royals - Halla BOL - Tennis Bat (Size: 4),"1,200",
SG KLR Edition Cricket Bat,"39,999",1.0 out of 5 stars
DSC Drake Kashmir Willow Cricket Bat Short Handle 6,"1,567",5.0 out of 5 stars
SF CAMO Premium 15000 Cricket BAT Size Harrow,"9,461",
SG SANJU 14 Cricket BAT,"69,331",
"Kookaburra Adult Cricket Bat KB Surge Pro 20, Popular Willow","2,081",3.4 out of 5 stars
playR x Punjab Kings - Sadda Haq - Tennis Bat (Size: Full),"1,060",
"Kansal Men's Popular Willow Cricket Bat with Tennis Ball and Black Wood Bat Cover for Tennis (Natural, Full Size)",495,3.4 out of 5 stars
"DSC Condor Motion Grade 3 English Willow Cricket Bat ( Size: Short Handle, Ball_ type : Leather Ball, Playing Style : All-Round )","11,722",3.1 out of 5 stars
Bowler Miniature Autograph Showpiece Cricket Bat 12 Inch Pack of 3 (They Can't be Used for Paying Cricket),322,5.0 out of 5 stars
Top Team Wooden Popular Willow Kids Cricket Bat Size 0 with 2 Sponge Ball for 2-5 Year Kids (Combo Pack) Pack of 1.,269,4.1 out of 5 stars
"Sg 2020 Special Edition Kashmir Willow Cricket Bat, Short Handle, Wood, Beige","2,952",4.1 out of 5 stars
Kwesports Bandook bat 4 Scoop Cut Kashmir Willow Hard Tennis Bat,"1,820",5.0 out of 5 stars
playR X Mumbai Indians Vintage Tennis Popular Willow Bat Cricket (Size: 6),"1,298",
Rojowal Sports Ceat Bat for Boys Wooden CEAT-Hitman Poplar Willow Cricket Bat with Ball 6 No,425,3.6 out of 5 stars
TRIUMPH KINGLY ENGLISH WILLOW PROFESSIONAL CRICKET BAT FOR MENS | READY TO PLAY | LIGHT WEIGHT WITH KB-99 CRICKET HOLDALL BAG NAVY/LIME,"12,312",5.0 out of 5 stars
"Twiclo Popular Willow wood Cricket Bat with Klapp Cricket Tennis Ball -1(Multicolour, Size 7 )",975,3.6 out of 5 stars
"Xtroke New Solid Popular Willow Cricket Bat for All Tennis Balls (Full Size), Wood, Multicolour (Bat with Ball & Bat Cover)",447,3.3 out of 5 stars
Generic Super Power Cricket bat Popular Willow Cricket bat (Popular Willow bat) Multicolor,639,2.7 out of 5 stars
AEM Miniature Printed Autograph Cricket Bat (Not Meant for Playing) | Pack of 2 | (Size -12 Inch),295,
DSC Catching Poplar Willow Practice Bat with Foam Base for Catching and Fielding Practice,"2,304",3.0 out of 5 stars
NIkjon Wooden Cricket Bat with Ball Size 1 Pack of 1 (Multibrand) 3-5 Year Old Boys (Size-3),299,3.0 out of 5 stars
,,
,,
,,
,,
TRIUMPH KINGLY ENGLISH WILLOW PROFESSIONAL CRICKET BAT FOR MENS | READY TO PLAY | LIGHT WEIGHT WITH KB-99 CRICKET HOLDALL BAG NAVY/LIME,"12,312",5.0 out of 5 stars
"Twiclo Popular Willow wood Cricket Bat with Klapp Cricket Tennis Ball -1(Multicolour, Size 7 )",975,3.6 out of 5 stars
Generic Super Power Cricket bat Popular Willow Cricket bat (Popular Willow bat) Multicolor,639,2.7 out of 5 stars
,,
DSC Catching Poplar Willow Practice Bat with Foam Base for Catching and Fielding Practice,"2,304",3.0 out of 5 stars
ICC Kashmir Willow Cut Frame Tennis Bat - Size Full,"1,773",
"DSC Krunch 11 Kashmir Willow Cricket Bat, Size-6","2,150",4.1 out of 5 stars
"KNK® Thunder Cricket Bat,Excellent Hard Plastic Bat,34"" Length Full Size with Short Handle with Ball for All Age Group",395,4.4 out of 5 stars
"Xtroke New Solid Popular Willow Cricket Bat for All Tennis Balls (Full Size), Wood, Multicolour (Bat with Ball & Bat Cover)",447,3.3 out of 5 stars
"Kansal Popular Willow Cricket Bat with Ball for Men and Kids Full Size, 15 Years and Above Adult (Wood)",,3.4 out of 5 stars
,,
DSC Intense Spirit Kashmir Willow Cricket Bat (Size-3),"1,836",5.0 out of 5 stars
Rishabh Enterprise Virat Kohli Poplar Willow Wooden Cricket Bat with Tennis Cricket Ball (Combo) Size-5 for Boys Above 10-12 Years,397,4.5 out of 5 stars
TRIUMPH Tyro English Willow Professional Cricket BAT for Mens | Ready to Play | Light Weight with KB-500 Cricket Bag Wheel Black/RED,"7,653",5.0 out of 5 stars
TRIUMPH SPRY ENGLISH WILLOW PROFESSIONAL CRICKET BAT FOR MENS | READY TO PLAY | LIGHT WEIGHT WITH KB-99 CRICKET HOLDALL BAG ROYAL ORANGE,"10,120",5.0 out of 5 stars
NIkjon Wooden Cricket Bat with Ball Size 1 Pack of 1 (Multibrand) 3-5 Year Old Boys (Size-3),299,3.0 out of 5 stars
Top Team Wood Kids Cricket Bat Size 0 with 1 Soft Cartoon Tennis Ball for 2-5 Year Kids (Kids Popular Willow Cricket bat Tennis Ball Combo Pack) Multicolor.,339,4.0 out of 5 stars
"cosco Stricker Size-5 Wood Popular Willow Cricket Bat, Size 5",577,3.7 out of 5 stars
Mayra Sports & Fitness Hm Wooden Cricket Taniss Bat With Cover Full Size (Mrf Bat),690,3.4 out of 5 stars
playR Centaur C English Willow Bat (Size: 6),"5,388",
"Lycan Beast Heavy Duty Plastic Cricket Bat,Full Size (34” X 4.5”inches) Premium Bat for – /Boys/Girls/Adults (Beast (1bat))",389,3.4 out of 5 stars
MSB Kashmir Willow Handcrafted Cricket Bat Winner and Play with Hard & Soft Tennis Ball Genius and 1 Free Black bat Cover for Lovers ad professiol Grade (Pack of 1).,990,5.0 out of 5 stars
TRIUMPH KINGLY ENGLISH WILLOW PROFESSIONAL CRICKET BAT FOR MENS | READY TO PLAY | LIGHT WEIGHT WITH TR-88-W CRICKET LEATHER BALL VEG TANNED WHITE,"10,678",
"Generic 2023 Special Edition Popular Willow Cricket Bat, Full Size (Popular Willow bat with Ball) Multicolor",649,3.2 out of 5 stars
"Autograph Cricket bat Natural use for Autograph and Gift Purpose (They Can't be Used for Paying Cricket), Wood",199,4.2 out of 5 stars
TOSKA Full Size Wood Kookaburra Cricket Bat for All Hard and Soft Tennis Ball/Leather Ball for Men and Women (Black),768,2.7 out of 5 stars
Bowler Miniature Autograph Showpiece Cricket Bat 12 Inch Pack of 2 (They Can't be Used for Paying Cricket),254,4.1 out of 5 stars
"MRF 1CT15110 Champ Kashmir Willow Cricket Bat, Size 5, Multi Color","1,690",3.9 out of 5 stars
"Lycan Monster Heavy Duty Plastic Cricket Bat,Full Size (34” X 4.5”inches) Premium Bat for – /Boys/Girls/Adults (Monster (1bat))",399,2.1 out of 5 stars
S.Stock Kashmiri Willow Tennis Scoop(Design) Bat in Big&Dual Blade with Free 1 Cotton Tennis Ball,999,5.0 out of 5 stars
"Top Team Wooden Popular Willow Cricket Bat with 1 Soft Cartoon Tennis Ball for Kids (Size 3, Age 6-10 Year Old Kids) Pack of 1.",349,3.6 out of 5 stars
Mrf King Virat Kohli Limited Edition English Willow Cricket Bat Invisible with Cricket Helmet - Standard Medium,"10,455",
TRIUMPH RIVAL ENGLISH WILLOW PROFESSIONAL CRICKET BAT FOR MENS | READY TO PLAY | LIGHT WEIGHT WITH KB-99 CRICKET HOLDALL BAG NAVY/SKY,"6,829",
"Whitedot Kashmir Willow Leather Cricket Bat, with Paded Bat Cover, Full Size (Short Handle)","2,179",
TRIUMPH Crown English Willow Professional Cricket BAT for Mens | Ready to Play | Light Weight with KB-99 Cricket Holdall Bag Grey/Orange,"12,561",
"DSC Bravado 22 Kashmir Willow Cricket Bat, Size-6","2,183",
JRS Wooden N021 Cricket Bat with Ball for Kids Size 4 Pack of 1 (Multi-Color) 8-10 Years Boys,449,3.4 out of 5 stars
Top Team Wooden Popular Willow Mini Cricket Bat with 2 Sponge Cartoon Ball for Kids 2-4 Years Pack of 1.,239,3.8 out of 5 stars
"SG Triple Crown LE English-Willow Triple Crown Limited Edition Cricket Bat, Short Handle","74,999",
"MRF King Virat Kohli Limited Edition English Willow Cricket Bat Invisible with Batting Gloves Wizard Blue, Multicolor","12,269",
XTROKE The Boss Edition Scoop Design Popular Willow Cricket Bat with Bat Cover for All Tennis Ball Boys and Girls Advance Play (Full Size),437,1.0 out of 5 stars
"KNK Heavy Duty Plastic Cricket Bat,Full Size (34” X 4.5”inches) Premium Bat for All Age Groups – Kids/Boys/Girls/Adults (Blue)",429,5.0 out of 5 stars
"PMG Kids Willow Wood Cricket Bat with Cover Bag and Ball Combo (5No., Age 10-12 Years)",395,3.6 out of 5 stars
TRIUMPH STAUNCH ENGLISH WILLOW PROFESSIONAL CRICKET BAT FOR MENS | READY TO PLAY | LIGHT WEIGHT WITH KB-99 CRICKET HOLDALL BAG GREY/ORANGE,"11,126",
TRIUMPH CROWN ENGLISH WILLOW PROFESSIONAL CRICKET BAT FOR MENS | READY TO PLAY | LIGHT WEIGHT WITH KB-99 CRICKET HOLDALL BAG BLACK/LIME,"12,552",
KNK Cricket Bat with Wicekt and Ball Excellent Hard Plastic for Men and Kids Full Size Length with Short Handle Bat(Combo Set) (Green),499,1.8 out of 5 stars
Goldmine Popular Willow Cricket Bat Full Size Wooden Bat All Age Group (Green Bat),630,
"cosco Stricker Size-4 Wood Popular Willow Cricket Bat, Size 4",649,4.0 out of 5 stars
SG Wood Cricket Bat Rp Pro No.5,"3,365",4.4 out of 5 stars
"MRF Wooden Cricket Bat + Tennis Ball + Black Cover (Juniors & Beginners) (Boys & Girls) (Age Group 12-14 Yrs), Cricket Bat for Tennis Ball (Popular Willow) (Size-5)",468,
,,
,,
,,
,,
"SG Triple Crown LE English-Willow Triple Crown Limited Edition Cricket Bat, Short Handle","74,999",
"MRF King Virat Kohli Limited Edition English Willow Cricket Bat Invisible with Batting Gloves Wizard Blue, Multicolor","12,269",
XTROKE The Boss Edition Scoop Design Popular Willow Cricket Bat with Bat Cover for All Tennis Ball Boys and Girls Advance Play (Full Size),437,1.0 out of 5 stars
,,
"KNK Heavy Duty Plastic Cricket Bat,Full Size (34” X 4.5”inches) Premium Bat for All Age Groups – Kids/Boys/Girls/Adults (Blue)",429,5.0 out of 5 stars
"PMG Kids Willow Wood Cricket Bat with Cover Bag and Ball Combo (5No., Age 10-12 Years)",395,3.6 out of 5 stars
TRIUMPH STAUNCH ENGLISH WILLOW PROFESSIONAL CRICKET BAT FOR MENS | READY TO PLAY | LIGHT WEIGHT WITH KB-99 CRICKET HOLDALL BAG GREY/ORANGE,"11,126",
TRIUMPH CROWN ENGLISH WILLOW PROFESSIONAL CRICKET BAT FOR MENS | READY TO PLAY | LIGHT WEIGHT WITH KB-99 CRICKET HOLDALL BAG NAVY/LIME,"12,561",
TRIUMPH CROWN ENGLISH WILLOW PROFESSIONAL CRICKET BAT FOR MENS | READY TO PLAY | LIGHT WEIGHT WITH KB-99 CRICKET HOLDALL BAG BLACK/LIME,"12,552",
KNK Cricket Bat with Wicekt and Ball Excellent Hard Plastic for Men and Kids Full Size Length with Short Handle Bat(Combo Set) (Green),499,1.8 out of 5 stars
,,
Goldmine Popular Willow Cricket Bat Full Size Wooden Bat All Age Group (Green Bat),630,
"cosco Stricker Size-4 Wood Popular Willow Cricket Bat, Size 4",649,4.0 out of 5 stars
SG Wood Cricket Bat Rp Pro No.5,"3,365",4.4 out of 5 stars
"MRF Wooden Cricket Bat + Tennis Ball + Black Cover (Juniors & Beginners) (Boys & Girls) (Age Group 12-14 Yrs), Cricket Bat for Tennis Ball (Popular Willow) (Size-5)",468,
"The Gre8 Indian Wooden Popular Willow Cricket Bat for Tennis, Rubber Ball (850-1000) GMS Light Weight (Black and Orange)",649,1.0 out of 5 stars
TRIUMPH VITAL ENGLISH WILLOW PROFESSIONAL CRICKET BAT FOR MENS | READY TO PLAY | LIGHT WEIGHT WITH TR-666-R CRICKET LEATHER BALL ALLUM TANNED RED,"6,966",2.0 out of 5 stars
Pro Game Kookaburra Kids Bat (for Kids 8-12 Year) for Wind Ball/Soft Ball/Tennis Ball Poplar Willow Cricket Bat (6),339,
"GLS SUPERTECH 33.5"" Single Blade Full Size Scoop Design Kashmir Willow Cricket BAT for Suitable Play All Tennis Ball",925,5.0 out of 5 stars
Autograph Miniature Cricket bat use for Autograph and Gift Purpose (They Can't be Used for Paying Cricket),198,4.0 out of 5 stars
SF Classic 750 Cricket BAT,"2,323",
SF Incredible 7500 Cricket BAT,"6,904",1.0 out of 5 stars
GM Siren 404 English Willow Short Handle Cricket Bat,"7,602",
TRIUMPH Rival English Willow Professional Cricket BAT for Mens | Ready to Play | Light Weight with KB-400 Cricket Bag Wheel Navy/Sky,"9,748",
Soccer Junior Cricket Bat Size 3,219,
"SS Cannon Kw bat Grade Kashmir Willow Cricket Bat ( Size: Short Handle,Leather Ball )","2,549",4.5 out of 5 stars
Lauris Cricket Bats Bat Made Up of Hard PVC Plastics Plastic for Hard Tennis Ball and Plastic Ball Size No. 3 for Kids Boys Under Age 8 Years- Length of bat is 72 cm,297,4.6 out of 5 stars
RS Wooden Cricket Bat for Kids 5-6 Years with Ball Size 2 Wood (Multi-Color) Pack of 1 for Boys,349,4.0 out of 5 stars
"SG Cricket Bat My First Bat HP (5-6 Years), Wood",599,3.0 out of 5 stars
TRIUMPH GUARD ENGLISH WILLOW PROFESSIONAL CRICKET BAT FOR MENS | READY TO PLAY | LIGHT WEIGHT WITH TR-666-R CRICKET LEATHER BALL ALLUM TANNED RED,"8,092",
BA SPORTS Wood Popular Cricket Bat (Mrf Cricket Bat),590,3.1 out of 5 stars
"TOSKA Cricket Bat Full Size Popular Willow Kookaburra Cricket Bat for Tennis Ball, Leather Ball Rubber Ball, Plastic Ball (Men|Women) (Green.W)",699,4.0 out of 5 stars
"DSC SN 15 English Willow Cricket Bat Size-4, Multi","3,452",3.9 out of 5 stars
THE VILLAIN Heavy Duty Plastic Cricket Bat | Premium Bat for All Age Groups | Black Color | Full Size | 1 Bat 1 Ball Combo,599,
RS Sports Virat Kohli Poplar Willow Wooden Cricket Bat with Tennis Cricket Ball (Combo) Size-3 for Boys Above 5-9 Years Multi Color,399,3.4 out of 5 stars
"Willage Plastic bat, Plastic bat Cricket Full Size, Plastic bat Full Size, Cricket Bat (Golden Color)",660,3.9 out of 5 stars
"KIS UNSTOPPABLE Classic Edition Grade A+ Kashmiri Willow BAT. Size-SH 1200-1220 GM (1.2, SH)","3,199",5.0 out of 5 stars
Feroc Power Popular Willow Tennis Ball Cricket bat (Size 1 for Age Group 4-5 Years),299,3.4 out of 5 stars
Wonberry 45mm aprx Monster Profile Big Edge English Willow Cricket Bat Full SH,"6,247",4.8 out of 5 stars
GM Diamond 505 English Willow Cricket Bat for Men | Short Handle| Ready to Play | Lightweight | Free Cover |,"12,556",4.4 out of 5 stars
"Willage Plastic Bat, Plastic Cricket bat, Hard Plastic Bat, Plastic Bat, Cricket Bat Size 8",597,3.3 out of 5 stars
TRIUMPH Tyro English Willow Professional Cricket BAT for Mens | Ready to Play | Light Weight with KB-300 Cricket Holdall Bag Royal/Orange,"9,222",
TRIUMPH TYRO ENGLISH WILLOW PROFESSIONAL CRICKET BAT FOR MENS | READY TO PLAY | LIGHT WEIGHT WITH KB-1010 CRICKET BACK BAG BLACK/RED,"8,465",
TRIUMPH TYRO ENGLISH WILLOW PROFESSIONAL CRICKET BAT FOR MENS | READY TO PLAY | LIGHT WEIGHT WITH KB-500 CRICKET BAG WHEEL GREY/YELLOW,"9,449",
RANROX FITNESS Heavy Duty Plastic Cricket Bat Full Hard Plastic Cricket bat Full Size for All Age Groups – Kids Boys Girls Adults (SEA Green),388,3.6 out of 5 stars
TRIUMPH RIVAL ENGLISH WILLOW PROFESSIONAL CRICKET BAT FOR MENS | READY TO PLAY | LIGHT WEIGHT WITH KB-300 CRICKET HOLDALL BAG GREY/LIME,"9,189",
"Xtroke Popular Willow Cricket Bat with Ball and Bat Cover for Tennis Ball, Full Size (15 Years and Above Adult)",448,3.7 out of 5 stars
RS Boys Popular Willow Cricket bat Pack of 1 (10-14 Years Kids) with Ball Wood Size 6 for Boys,449,3.6 out of 5 stars
Y2M Wooden Poplar Willow Scoop Design Plain Bat WH Poplar Willow Cricket Bat (900-990 g),699,5.0 out of 5 stars
Maxxic English Willow Bat for Professional Matches with High Grains Full Size Sports Bat,"2,199",3.6 out of 5 stars
,,
,,
,,
