Name,Price,Rating
,,
"Boldfit Turf Bat Cricket for Adults Plastic Tennis Cricket Bat for Mens Heavy Plastic Cricket Bats with Grip for Gully Cricket, Tournament Match Standard Full Size Tennis Ball Bat for Cricket - Black",299,4.0 out of 5 stars
Jaspo SLOG Plastic Cricket Full Size Bat (34” X 4.5” inch) for All Age Group (SLOG Cricket BAT),369,4.1 out of 5 stars
"JRS AVS Tennis Cricket bat with Free Ball (Multibrand Sticker) 8-12 Years Boys,Multicolor,Wood",399,3.4 out of 5 stars
,,
"Lycan Junior Cricket Bat Size 3, Age 6-8 Year Old Kids # 1pc Cricket bat only",240,3.7 out of 5 stars
"Ske Popular Willow Cricket Bat With Bat Cover For Men'S And Adult All Tennis Ball (Natural, Full Size), Wood, Multicolour",434,3.4 out of 5 stars
SG Kashmir Willow Cricket Bat with Full Cover,"1,879",3.9 out of 5 stars
Briovy Power Poplar Willow Cricket Wooden Bat Playing with Tennis Cricket Ball for Boys (Red),699,2.8 out of 5 stars
Jaspo Be Wild Heavy Duty Plastic Cricket Bat Full Plastic bat Hard Plastic Bat Cricket bat Full Size for All Age Groups – Kids Boys Girls Adults(Off White),499,4.6 out of 5 stars
Saini Goldmine Super Power Popular Willow Cricket Bat Full Size Lightweight Wooden Bat All Age Group Multicolor Blue BAT (Popular bat),630,
,,
"JRS S014 M Popular Willow Cricket Bat Size 6 (12-14 Year Year Old Kids) with Ball Pack of 1, Wooden Cricket bat",399,3.3 out of 5 stars
"DSC Scorer Kashmir Willow Cricket Bat ( Size: Short Handle, Ball_ type : Leather Ball, Playing Style : All-Round )","1,612",3.9 out of 5 stars
Jaspo Dominator-x Senior Plastic Cricket Full Size Bat (34” X 4.5” inch) for All Age Group with Soft Cricket Ball (Dominator-BAT),439,4.1 out of 5 stars
XTROKE Scoop Design Popular Willow Cricket Bat for All Tennis Balls Full Size (Only Bat),470,2.3 out of 5 stars
"SG Max Cover Kashmir Willow Cricket Bat (Size: Short Handle,Leather Ball)","2,183",3.7 out of 5 stars
"GRS Kids Zone Popular Willow Cricket Bat with Wicket Set & 1 Tennis Ball for Kids (Size 3, Age 6-10 Year Old Kids) Multicolor",429,3.9 out of 5 stars
"SG Super Cover Grade 5 English Willow Cricket Bat ( Size: Size 6,Leather Ball )","3,485",3.0 out of 5 stars
"SG Max Cover Kashmir Willow Cricket Bat ( Size: Size 6,Leather Ball )","1,895",3.9 out of 5 stars
Florence Full Size Popular Cricket Bat for All Hard and Soft Tennis Bat Cricket Bat (Children) Multicolor (New Blue bat),639,3.7 out of 5 stars
Poplar Willow Wooden Cricket Bat with Tennis Cricket Ball (Combo) for Boys & Girls (Size 3 for 6-8 Year),249,3.5 out of 5 stars
TOSKA Full Size MRF Cricket Bat with Bat Cover for All Hard and Soft Tennis Ball/Leather Ball Cricket Bat (Men|Women) (Red),749,2.9 out of 5 stars
"FitBox Sports Viper Series Full Size Heavy Duty Plastic Cricket Bat Suitable with Tennis Ball, Wind Ball & Plastic Ball.",425,4.1 out of 5 stars
"Generic 2023 Special Edition Popular Willow Cricket Bat, Full Size (New-Version) Multicolor Childrens bat",649,3.2 out of 5 stars
SG Prokick Kashmir Willow Cricket Bat with Fullcover - Short Handle Mens,"1,890",3.6 out of 5 stars
Florence Special Edition 2023 Scoop Tennis Cricket Bat Full Size Popular Willow bat (New Power Bat),648,3.5 out of 5 stars
"SS Master Kashmir Willow Cricket Bat, Short Handle","2,155",4.0 out of 5 stars
SG Wooden Cricket Tennis Bat T-800,"1,366",4.0 out of 5 stars
SG Sierra Plus Kashmir Willow Cricket Bat,"2,217",4.1 out of 5 stars
"VICTORY Plastic bat, Cricket bat, Plastic bat Full Size,Hard Plastic Bat, Unique PVC/Plastic Cricket Bat (Green)",389,3.9 out of 5 stars
THE VILLAIN Striker Heavy Duty Plastic Cricket Bat | Premium Bat for All Age Groups | Black Color | Full Size | 1 Bat 1 Ball Combo,599,
"SG Phoenix Xtreme Kashmir Willow Cricket Bat (Size: Short Handle,Leather Ball)","2,215",3.7 out of 5 stars
"ANTINA Cricket Bat, Plastic Cricket Bat, Plastic Bat Full Size for Tennis and Rubber Balls, Cricket Bats for Men Women Ground Practice and Tournament (Lime Green)",359,4.6 out of 5 stars
SG RSD Spark Kashmir Willow Cricket Bat (Color May Vary),"1,999",3.9 out of 5 stars
Jaspo Plastic Cricket Full Size Bat (34” X 4.5” inch) for All Age Groups (CRIC-Holic BAT),449,3.8 out of 5 stars
"SG Prokick Kashmir Willow Cricket Bat, Size - 4","1,577",3.9 out of 5 stars
"Wooden Cricket Bat for Boys & Girls, Rohit Sharma Bat, Lightweight & Durable Poplar Willow Bat, Only Bat (Size 1 for Age 3-4 Years)",277,4.3 out of 5 stars
SG Catch Cricket Bat (Color May Vary) - Material: Wood,"1,200",3.1 out of 5 stars
"RS Sports Wooden Cricket Bat for Boys 9-14 Years, Size-5 (1 Bat, 1 Ball and Stump Set)",599,3.3 out of 5 stars
"Victory Plastic Bat, Plastic Cricket Bat Hard Plastic, Plastic Bat for Tennis and Wind Ball, Cricket Bat",355,4.0 out of 5 stars
"SG Savage Strike Grade 2 English Willow Cricket Bat ( Size: Short Handle,Leather Ball )","22,747",3.0 out of 5 stars
"Woke Stalwart Heavy Duty Plastic Cricket Bat,Full Size (34” X 4.5”inches) Premium Bat for All Age Groups – Kids/Boys/Girls/Adults (STALWART (Black))",499,3.9 out of 5 stars
"PREIMUM Turf Bat Cricket for Adults Plastic Tennis Cricket Bat for Mens Heavy Plastic Cricket Bats with Grip for Gully Cricket, Tournament Match Standard Full Size Tennis Ball Bat for Cricket - Black",399,
"GRS Kids Zone Heavy Grade Strong Plastic Cricket Bat with Wicket Set & 1 Tennis Ball for Kids (Size 3, Age 6-10 Year Old Kids), Strong Plastic",399,4.4 out of 5 stars
"SG KLR Spark Cricket BAT, Multicolour, SH (Kashmir Willow)","2,429",4.0 out of 5 stars
GM Neon Apex Kashmir Willow Cricket Bat with Cloth Cover on Face,"1,935",3.5 out of 5 stars
"PMG Cricket Bat for Tennis Ball Size 6, Cricket bat for Boys of 9-15 Years kit (Bat, 3 Balls and 1 Cap, Wood)",499,3.5 out of 5 stars
"GRS Super Plastic Junior Cricket Bat (Size 3, Age 6-10 Year Old Kids)",179,3.7 out of 5 stars
"Sixer Mirage Heavy Duty Plastic Cricket Bat,Full Size (34” X 4.5”inches),930 Grams Premium Bat for All Age Groups – Kids/Boys/Girls/Adults (White)",449,4.5 out of 5 stars
"DSC Intense Rage Grade 3 English Willow Cricket Bat ( Size: Short Handle, Ball_ type : Leather Ball, Playing Style : All-Round )","8,412",3.5 out of 5 stars
,,
,,
,,
